Flow_L_min,label,TDS_smooth,Turbidity_smooth
0.27,2,825.6,2532.2
0.53,1,1229.0,3100.2
0.27,2,899.0,3121.0
0.27,2,816.6,2424.0
1.33,0,934.2,1662.2
1.2,0,902.2,1695.4
0.27,3,889.0,1713.0
1.47,0,1010.8,1677.4
0.67,3,986.2,2540.0
0.13,2,1284.4,2548.0
0.13,3,980.0,2505.6
1.2,1,1875.2,1890.4
0.27,2,1015.0,2736.8
1.2,1,1964.8,1915.8
0.13,3,896.0,1712.0
1.33,0,864.4,1691.4
0.13,3,905.6,1710.4
0.0,3,958.4,2253.4
0.93,0,2071.8,1750.4
0.8,1,2076.6,3126.4
0.27,2,813.2,2341.4
0.27,2,865.6,2235.2
0.4,2,810.4,2255.2
0.67,3,950.8,2862.2
1.33,0,1142.8,1641.4
0.4,1,1242.8,3110.2
0.8,1,2092.6,3125.0
1.33,0,1137.2,1642.4
0.27,2,991.2,2449.0
0.13,3,1001.2,2125.6
0.13,2,1365.0,2785.2
0.27,2,892.8,2987.0
1.33,0,916.4,1690.2
0.4,1,1173.2,3106.2
1.33,0,1075.6,1656.0
1.33,0,955.2,1693.2
0.13,3,1000.8,2115.4
1.33,0,1184.0,1742.8
1.07,1,1935.8,2924.4
1.2,1,1794.2,3109.4
1.07,1,1865.2,3140.4
0.67,3,962.6,2516.8
1.2,1,1830.4,3137.8
0.27,2,1018.0,2735.6
1.07,1,1933.6,2893.0
0.27,2,1258.4,2638.8
1.33,0,1179.0,1637.8
0.27,2,1173.0,2693.0
0.67,1,1981.6,2923.2
0.13,3,894.4,1703.6
0.27,2,863.0,2202.4
1.07,1,1878.4,3133.4
1.33,0,978.8,1726.8
0.13,3,961.4,2735.0
0.13,3,888.8,1712.0
0.13,3,894.4,1705.6
0.27,2,826.4,2496.8
1.07,1,1834.0,3136.2
1.07,0,1650.2,1755.4
1.33,0,948.8,1710.6
0.27,2,1015.8,2743.2
0.27,2,868.0,2189.4
0.67,3,995.8,2550.8
0.53,2,1379.0,2642.8
0.93,1,2242.8,3123.0
1.33,0,1005.0,1743.2
0.27,2,1217.0,2636.0
1.33,0,1112.2,1749.4
1.47,1,2085.4,1396.4
0.13,3,1001.0,2134.8
0.27,2,1186.0,2533.6
1.07,1,1755.6,2890.2
1.33,0,1038.2,1668.0
1.07,1,1739.6,3119.6
1.33,0,965.6,1719.2
1.07,1,1768.0,3050.6
0.13,2,885.4,3127.6
0.27,2,1073.4,2763.8
0.0,3,953.4,2209.8
0.13,3,932.8,1722.6
0.53,2,803.0,2249.0
0.53,2,1390.4,2889.0
1.33,0,928.6,1683.2
0.0,3,948.0,2745.0
1.33,0,868.6,1694.4
1.2,0,1598.6,1748.2
0.0,3,916.6,1702.8
0.0,3,1008.0,2683.6
1.33,0,1226.6,1741.0
0.27,2,1224.0,2788.2
0.93,1,1981.0,2920.4
1.33,0,950.2,1688.4
0.53,1,349.6,3117.0
0.27,2,1184.6,2581.0
1.07,1,1954.6,3118.6
1.07,1,1992.6,3122.8
0.4,2,924.2,2983.6
1.47,1,1732.8,1336.4
0.27,2,822.8,2246.8
0.53,1,935.8,3082.4
1.33,0,1192.2,1736.2
0.67,1,969.8,3079.2
1.07,2,1130.8,2484.0
1.2,1,1966.0,1858.8
0.13,2,824.2,2523.8
0.27,3,905.4,1710.4
0.27,2,1095.8,2675.0
0.53,1,543.8,3055.2
0.27,2,914.4,3048.2
0.93,1,2088.0,3080.0
1.2,0,861.8,1689.2
1.07,1,1957.2,1853.0
1.2,1,1927.0,1889.4
0.53,2,1392.0,2906.6
0.13,2,1236.0,2664.4
1.33,0,1092.2,1659.0
0.13,3,1306.0,1551.6
0.13,2,840.2,2257.2
1.07,0,2026.8,1759.8
1.2,1,1739.2,2880.6
0.67,1,1380.0,3053.6
0.4,2,1405.0,2639.8
0.27,2,1349.8,2813.4
0.13,3,972.8,2275.4
1.07,1,2012.6,3108.2
0.27,2,838.2,2311.4
1.07,0,1722.4,1644.0
0.67,1,1945.6,3121.0
1.2,1,1916.2,3143.0
0.27,2,891.8,3121.2
1.33,0,1187.2,1739.6
0.13,3,889.0,1715.0
0.27,3,995.4,2280.0
0.27,2,1188.4,2497.0
0.0,3,1025.4,1716.6
0.13,3,1001.6,2443.0
0.27,2,861.8,2189.4
1.47,0,948.8,1683.0
1.47,1,1734.6,1496.0
0.53,2,1361.4,2662.6
0.0,3,956.2,2057.0
1.33,0,1010.8,1747.0
1.33,1,1726.2,1513.4
0.13,3,960.0,2834.4
0.27,2,1399.4,2559.6
1.2,0,1588.4,1745.4
1.07,1,1957.2,2323.8
1.07,1,2601.4,2880.4
0.13,3,986.0,3115.8
0.0,3,959.2,2234.0
1.07,1,1766.4,3073.2
1.47,0,904.0,1703.8
1.2,1,1732.4,2843.8
1.07,1,1935.4,2872.4
0.67,3,881.0,2341.8
0.0,3,957.0,2267.2
0.53,1,451.6,3109.2
0.67,1,932.8,3071.4
0.0,3,1144.0,1720.6
1.33,0,944.0,1673.6
1.33,0,933.4,1708.4
1.47,0,1055.2,1658.2
1.47,0,947.4,1686.6
0.67,3,958.6,2855.4
0.27,2,927.8,2986.2
0.8,1,2067.2,3126.4
1.47,1,1741.4,1354.6
0.27,2,908.4,3030.0
0.4,2,801.8,2252.0
1.2,0,1502.0,1757.8
0.53,2,1397.0,2859.4
0.93,1,1939.2,2852.6
0.13,2,874.0,3127.0
1.33,0,869.8,1707.0
0.27,2,1185.8,2597.8
1.33,0,965.8,1710.0
1.07,1,1963.4,1864.6
0.0,3,975.0,2477.6
0.27,2,1251.4,2612.6
1.07,1,1958.2,1862.4
0.53,2,1394.2,2841.6
0.13,3,902.8,1705.4
0.93,1,2112.2,3041.8
0.93,1,2178.6,3030.4
1.07,1,1880.8,3133.2
0.27,2,1177.8,2535.0
1.07,1,1808.6,3139.2
1.47,1,1715.0,1439.4
0.13,3,889.0,1708.2
1.33,0,1165.2,1743.4
0.0,3,1044.0,1446.4
0.13,3,1002.2,1989.4
1.07,1,1891.0,3138.2
0.13,3,975.2,2271.6
1.33,1,1719.6,1533.8
1.2,0,1639.0,1748.6
1.33,0,932.8,1709.6
1.2,1,1715.2,1541.8
1.2,0,1917.4,1726.4
0.27,2,806.2,2352.0
0.0,3,985.6,3120.6
0.13,3,956.2,2415.0
0.67,3,953.6,2857.6
0.13,3,961.8,2720.4
1.33,0,903.8,1701.4
0.0,3,954.8,1686.0
0.67,3,989.0,2574.4
0.53,1,463.2,3106.0
1.33,1,1721.8,1528.0
1.47,0,861.6,1695.8
0.27,2,1038.0,2951.6
1.33,0,1610.6,1753.4
0.4,1,1115.8,3071.6
0.27,2,899.6,2948.6
0.13,3,975.6,2479.0
1.2,1,1964.0,1921.2
1.2,1,1799.8,3137.6
0.13,3,980.6,2401.2
0.27,2,862.4,2238.8
1.33,0,901.6,1700.0
0.0,3,988.4,3120.0
1.07,1,1806.8,3125.0
1.47,0,1041.0,1665.4
1.47,1,1736.0,1387.8
0.27,2,1025.2,2711.2
1.2,1,1963.4,1859.6
1.07,1,1727.2,3094.4
0.13,3,889.4,1710.8
0.13,2,1240.4,2552.6
0.27,2,1223.2,2687.0
0.13,2,1004.0,2735.6
1.2,0,1639.6,1748.8
1.33,0,1036.4,1753.6
1.47,0,897.4,1699.6
0.67,3,948.4,2508.8
0.4,3,970.2,2872.0
1.33,1,1720.6,1534.8
0.53,1,1346.0,3072.6
1.33,0,868.4,1690.4
1.33,0,919.2,1686.2
1.33,0,964.8,1719.4
0.67,1,2007.6,3120.0
1.2,0,1524.6,1750.0
1.33,0,1051.8,1657.8
1.33,0,1453.2,1754.2
0.67,1,1948.8,3123.6
1.2,1,1744.8,2855.4
0.67,1,993.6,3085.6
0.0,3,986.0,2381.2
0.27,2,994.4,2595.0
0.27,2,993.6,2501.8
0.27,2,1012.0,2742.2
0.27,3,974.0,2868.0
1.33,1,1733.6,1499.6
0.0,3,990.2,1726.0
0.13,3,957.2,2637.4
0.27,2,841.4,2449.4
1.33,0,952.0,1710.2
1.33,0,958.8,1707.4
0.13,3,964.6,2634.4
0.4,1,1376.0,3072.6
0.13,2,1071.2,2947.0
0.27,3,899.6,1706.0
1.07,0,2570.0,1887.2
1.33,0,1120.0,1646.8
0.53,1,661.6,3070.4
1.33,1,1711.6,1464.8
0.27,2,824.0,2645.8
0.27,2,915.6,3033.2
0.13,3,1001.2,2140.4
0.27,2,1009.2,2749.0
0.93,1,2060.4,3082.2
0.53,1,1274.0,3104.6
0.27,2,916.2,2997.6
1.6,1,1701.8,1242.2
1.47,1,1702.4,1296.0
0.13,2,827.8,2644.6
0.27,2,860.8,2200.2
0.67,1,1347.8,3065.8
0.13,2,1055.6,2512.4
0.27,2,1049.0,2970.8
1.07,1,1881.0,3136.2
0.4,1,1097.8,3103.6
0.27,2,1384.4,2670.6
0.13,2,889.4,3122.0
0.13,3,892.2,1707.2
1.07,1,1815.8,3138.4
1.33,0,1159.6,1638.2
1.33,0,955.4,1710.0
1.33,0,1138.2,1643.8
0.0,3,957.8,2103.8
0.93,1,1972.2,3134.2
0.27,2,1179.4,2617.6
0.13,3,889.2,1712.2
1.33,0,962.6,1709.8
0.67,3,979.2,2510.4
0.0,3,1007.0,2557.6
0.67,1,739.8,3132.0
1.07,1,1917.8,1861.2
1.07,1,1849.0,3137.2
1.07,1,1854.8,3134.8
0.0,3,972.4,2364.8
1.33,0,1124.8,1646.2
0.67,3,967.4,2561.6
0.13,3,902.6,1701.4
1.33,1,1722.6,1526.0
0.67,1,1305.8,3066.0
1.07,1,1911.2,3134.4
0.67,3,910.4,2555.4
1.2,0,1600.8,1744.8
1.33,0,974.2,1732.4
0.27,3,979.8,2864.8
0.67,3,982.6,2512.2
1.07,1,1897.8,1871.0
0.27,2,839.4,2278.8
1.2,1,1733.0,2868.0
0.13,3,895.6,1702.4
0.13,2,859.2,2225.4
0.13,3,1005.6,2106.0
1.33,0,1394.6,1741.4
0.13,3,983.4,2383.6
1.07,1,1797.6,3136.2
1.33,0,1148.6,1642.4
1.33,0,903.8,1698.4
0.27,2,1070.2,2949.0
0.13,2,830.0,2479.0
0.0,3,987.0,2760.8
1.33,0,1178.6,1637.0
0.13,3,979.4,2381.8
1.07,1,1786.6,3136.8
1.33,0,861.2,1694.0
1.33,0,950.2,1687.2
0.67,2,1106.0,2700.6
0.93,1,2028.4,3085.2
1.07,0,1945.4,1738.8
1.2,1,1799.2,1915.8
1.33,0,972.0,1687.0
0.4,1,1151.8,3106.6
0.13,2,850.2,2335.4
1.33,0,1065.2,1748.6
0.4,2,806.6,2283.4
1.33,0,1000.0,1743.8
1.47,0,869.4,1695.6
1.33,0,1451.6,1744.4
0.13,3,896.4,1711.8
0.0,3,1008.2,2203.2
1.07,1,1811.6,3133.0
1.47,0,856.6,1700.0
1.33,1,1728.6,1412.8
1.33,0,872.0,1698.4
0.13,2,1226.6,2694.8
1.07,1,1725.2,3091.0
0.27,2,1340.6,2611.0
0.27,2,904.2,3020.0
1.2,1,1956.4,2076.2
0.4,2,809.0,2362.2
1.33,0,936.2,1681.8
1.33,1,1726.6,1513.4
0.13,3,913.2,1701.8
0.27,2,1036.0,2944.8
0.13,3,959.2,2577.4
1.2,1,1827.8,1915.6
0.13,3,968.2,2608.4
0.67,3,879.2,2354.6
0.13,3,891.8,1709.2
0.27,2,947.4,3019.0
1.33,0,1117.8,1640.2
1.2,1,1726.0,2849.4
1.2,1,1832.0,1900.2
0.67,3,957.0,2880.8
0.27,2,933.8,3024.8
0.27,2,1014.0,2743.6
1.33,0,897.6,1693.4
0.13,3,963.2,2811.6
1.33,0,869.4,1693.0
0.13,2,1224.0,2668.0
1.2,1,1956.8,2573.6
1.33,0,1246.6,1749.4
1.33,0,1178.2,1633.4
0.0,3,996.0,1726.0
0.53,3,974.0,2509.8
0.27,2,911.0,3057.6
0.27,2,1305.4,2772.4
0.13,3,999.8,2168.4
0.67,3,905.8,2531.2
1.33,0,1189.8,1734.8
1.2,0,1441.4,1745.2
0.13,2,1272.6,2563.2
1.33,1,2282.0,1573.8
0.0,3,948.6,2558.4
1.2,1,1832.4,1916.2
0.27,0,813.4,1809.8
0.13,2,1200.0,2869.0
1.2,0,1418.0,1742.4
1.2,1,1792.4,1913.6
1.47,1,1728.0,1206.6
1.07,1,1830.6,3138.8
1.33,0,1190.8,1637.8
1.07,1,1755.4,3131.8
0.67,3,976.0,2456.8
1.33,0,980.2,1733.6
1.33,0,882.4,1699.4
0.0,3,919.0,1698.6
0.93,1,2232.6,3132.8
0.27,2,929.0,3001.8
1.33,0,1035.8,1755.8
1.47,1,1717.4,1451.0
1.33,0,876.8,1701.0
0.27,2,807.8,2356.2
0.27,2,1284.8,2797.8
0.13,2,888.0,2239.2
0.0,3,941.0,2626.4
1.33,0,1134.8,1641.8
0.67,3,957.2,2860.2
0.27,2,1279.2,2598.6
0.13,2,1071.4,2481.0
1.33,0,954.0,1729.4
0.4,1,1218.4,3112.4
0.0,3,969.6,2379.8
0.13,3,1003.6,2100.6
1.2,1,1849.2,3135.8
0.67,1,1399.2,3076.4
1.33,0,897.4,1684.4
1.2,1,1913.6,3137.4
1.33,0,1466.8,1752.0
1.2,0,1871.4,1710.2
1.33,0,1571.6,1741.8
0.53,2,1388.6,2830.8
1.33,0,1201.4,1742.2
0.0,3,941.2,2659.0
1.07,1,1880.8,3133.6
0.0,3,953.4,1842.8
1.33,0,951.0,1681.4
0.13,2,865.6,2171.4
0.8,1,1974.8,2915.4
1.07,0,2050.2,1765.8
0.27,2,1348.4,2591.0
1.33,0,869.8,1697.6
0.27,2,1183.0,2729.8
1.33,0,1447.6,1744.6
1.33,0,872.6,1695.0
1.33,0,1153.6,1643.8
1.33,0,1026.2,1755.6
1.33,0,858.4,1691.0
0.0,3,915.8,1711.2
0.27,2,947.2,3020.8
1.2,1,1964.8,1857.2
1.47,0,1144.0,1640.8
1.33,0,1151.6,1645.4
1.2,1,1813.2,3139.2
1.07,1,1875.2,3133.4
0.93,1,2220.0,3122.2
1.33,0,953.0,1679.4
0.4,2,808.2,2385.0
1.07,1,1747.0,3118.0
0.27,2,983.2,2434.2
0.0,3,963.4,2823.6
1.2,0,1595.0,1748.6
0.93,1,1805.8,2897.6
0.27,2,843.2,2244.0
0.0,3,1142.4,1721.8
0.0,3,958.8,2475.2
1.07,1,1824.6,3136.2
0.27,2,1178.8,2674.4
1.2,1,1918.0,3142.6
0.13,2,865.2,2258.2
1.07,1,1733.6,3119.8
1.33,0,1255.8,1750.0
0.67,1,1753.6,3051.2
0.4,1,1196.8,3095.6
0.93,1,2233.0,3132.8
0.13,2,1252.2,2608.4
1.47,0,988.2,1681.0
1.33,0,904.4,1694.6
1.2,0,1601.8,1742.0
0.27,2,1069.0,2952.4
1.33,0,854.4,1691.6
0.0,3,1061.8,1714.2
0.67,2,1106.4,2348.0
1.33,0,928.8,1712.6
0.13,2,813.4,2342.4
1.33,0,1073.0,1653.6
0.27,2,1073.2,2789.8
0.93,1,2046.2,3072.6
1.07,1,1858.2,1925.6
0.13,2,852.0,2384.6
1.2,0,961.4,1714.6
0.53,1,1228.6,3099.2
1.33,0,1494.8,1761.6
0.13,2,1154.6,2591.8
1.2,0,1524.8,1748.0
0.27,2,985.0,2428.6
0.93,1,2004.2,3112.8
1.47,1,2245.2,1459.4
0.27,1,1354.0,2856.8
1.33,1,1730.2,1331.2
1.07,1,1774.4,3054.4
0.27,2,847.2,2624.4
1.07,1,1824.0,3140.4
1.47,1,1741.0,1358.8
0.27,2,1025.6,2712.4
1.33,0,944.8,1712.6
0.0,3,943.8,2706.8
0.4,1,1165.6,3108.0
0.13,2,882.6,3114.8
0.67,2,1108.0,2432.8
0.13,3,1045.8,1436.2
1.2,1,1731.4,2847.6
1.07,1,1962.6,1857.4
0.0,3,963.8,2725.6
1.47,1,1700.0,1231.8
0.0,3,1048.0,1720.6
0.27,2,899.4,3007.6
0.13,3,979.8,2412.8
1.2,1,1945.4,1872.8
0.13,2,1280.0,2779.4
1.33,0,1276.0,1747.2
0.67,3,964.0,2356.2
0.13,2,919.0,3014.8
1.33,0,1100.6,1658.6
0.13,3,894.6,1702.2
1.07,1,1835.4,1916.8
0.93,1,2215.8,3119.0
1.33,0,962.8,1707.0
0.0,3,982.8,3120.8
1.33,0,934.0,1681.0
1.33,0,1276.6,1748.0
1.2,1,1909.4,1868.4
1.33,0,973.8,1731.2
1.33,0,938.6,1734.4
0.13,2,1280.4,2604.8
1.33,0,1444.4,1751.8
1.07,1,1818.4,1903.6
0.67,1,1637.2,3052.8
0.0,3,947.6,2557.0
1.2,0,1020.4,1667.4
1.33,0,1061.4,1652.0
1.33,0,889.6,1706.8
0.13,2,1226.4,2704.0
0.13,2,864.2,2219.2
0.93,1,2187.8,3053.2
1.2,1,1958.8,1873.2
1.47,0,1101.0,1654.0
0.67,3,960.4,2861.2
1.2,1,1727.6,2877.2
0.0,3,958.4,2307.8
1.47,1,1715.2,1442.8
1.33,0,904.0,1707.2
0.27,2,1262.8,2767.6
0.93,1,1857.2,3138.2
1.47,1,1706.8,1293.0
0.27,1,1139.8,3108.8
0.67,1,2217.4,3060.6
0.67,1,1864.4,2844.0
1.2,0,1175.6,1647.4
1.33,0,1447.0,1745.4
0.93,1,2193.4,3122.6
1.47,0,861.6,1706.6
0.13,2,807.6,2346.2
1.07,2,1134.6,2430.6
0.13,3,974.0,2293.2
1.33,0,954.2,1738.2
1.2,1,1965.2,1856.0
0.0,3,973.8,2323.8
1.33,1,1728.0,1317.2
0.27,3,901.0,1705.2
1.07,1,1724.6,3113.0
1.47,1,1713.4,1305.4
1.33,0,894.8,1690.0
0.27,2,1332.6,2807.6
1.2,1,1719.0,1545.2
0.27,2,1206.6,2577.4
1.07,0,1755.6,1648.8
1.2,1,1812.4,3138.0
0.27,2,1357.4,2924.8
1.07,1,1907.0,3135.2
0.67,1,2379.8,3062.0
0.27,2,954.8,2990.2
1.33,0,920.8,1710.6
4.27,2,910.8,2622.6
1.33,0,957.2,1732.0
0.93,0,816.2,1813.0
1.33,0,1420.0,1740.8
0.27,2,851.2,2394.2
1.33,0,1028.0,1754.4
0.27,2,1052.6,2990.8
0.13,3,888.0,1711.6
0.13,2,1203.0,2544.8
0.4,2,893.8,2295.8
0.67,3,977.4,2461.4
0.27,2,1361.0,2835.6
1.33,0,1294.2,1737.6
0.53,1,1358.0,3069.4
1.07,1,1773.2,3033.2
1.2,0,1807.2,1678.2
0.27,2,1027.0,2703.2
0.27,2,863.2,2215.2
1.33,1,1710.2,1300.8
1.33,0,996.0,1734.6
0.0,3,964.0,2733.2
0.67,3,982.8,2631.0
1.33,0,893.8,1695.2
1.33,0,1315.0,1734.2
1.33,0,894.4,1702.0
1.2,1,1754.4,2858.8
1.2,1,1852.0,1924.2
1.2,1,1828.4,3131.2
0.67,3,977.6,2511.4
0.27,2,861.6,2187.0
1.2,1,1958.4,1847.4
1.2,1,1965.0,1901.6
0.0,3,1012.2,1603.6
1.07,1,1732.0,3111.0
1.2,0,1442.0,1748.4
0.13,2,1185.4,2558.2
0.27,2,983.6,2423.4
1.2,1,1850.4,1896.4
1.33,0,1044.2,1653.4
1.33,0,1104.0,1660.0
0.67,3,975.8,2510.6
0.13,2,1385.4,2546.6
1.33,0,934.0,1680.2
0.27,2,1019.6,2736.4
1.33,0,1298.0,1745.8
0.53,1,1144.6,3073.2
0.53,1,1208.4,3098.8
0.13,3,965.6,2719.4
0.27,2,839.6,2365.2
0.13,2,883.8,3113.6
0.13,3,900.0,1706.6
1.07,1,1781.6,3137.2
1.33,0,936.0,1665.4
0.27,2,1178.4,2533.4
0.13,2,860.8,2350.2
0.13,3,972.8,2346.0
1.07,0,861.0,1823.4
0.93,1,2096.8,3064.4
1.47,0,948.8,1729.8
0.27,2,930.2,3013.8
0.4,1,1169.4,3108.8
1.33,1,1733.4,1494.8
1.2,1,1955.2,1867.2
1.07,1,1921.2,1847.2
0.53,1,521.2,3134.0
1.33,0,1139.4,1641.4
1.47,1,1714.2,1281.0
1.2,1,1782.6,2853.8
1.47,0,1161.2,1736.6
1.33,0,1156.2,1638.8
1.33,0,917.8,1707.6
0.27,3,912.4,1701.4
0.13,3,973.0,2304.6
1.33,0,1046.2,1662.4
1.33,0,1142.2,1641.4
1.2,0,1577.0,1739.4
0.13,2,1383.4,2592.4
0.13,2,857.2,2216.2
1.33,0,1168.8,1739.6
1.33,0,1167.2,1735.8
1.33,0,1142.6,1748.4
0.93,1,2217.6,3117.8
0.27,2,1096.4,2659.8
1.47,0,1301.8,1739.0
1.07,1,1891.4,1873.2
0.93,1,2131.0,3035.6
0.13,3,946.6,2557.6
1.47,0,903.2,1700.4
1.33,0,1107.2,1749.8
1.33,0,1102.4,1655.0
1.07,1,1963.4,1861.0
0.27,2,809.4,2303.8
1.07,0,2041.0,1762.4
0.0,3,973.0,2386.4
0.0,3,961.2,2832.6
0.53,2,808.0,2253.6
1.07,1,1786.2,3129.0
0.27,2,816.0,2326.8
0.27,2,996.8,2667.2
0.8,3,902.2,2319.4
1.47,0,1218.6,1747.0
0.27,2,888.2,3124.8
1.07,1,1900.0,3137.6
0.0,3,960.4,2829.2
0.13,2,889.8,3123.2
1.47,0,1118.8,1747.2
0.4,2,802.2,2246.4
0.0,3,962.0,2714.2
0.27,2,1358.6,2923.0
0.13,2,1000.2,2747.0
0.67,1,1289.4,3072.8
1.33,0,965.6,1733.8
0.8,2,1109.8,2812.8
1.47,1,1731.0,1324.4
0.53,2,804.6,2248.8
0.8,3,889.2,2398.2
1.33,0,990.8,1747.0
0.67,3,930.2,2440.8
0.8,1,2140.6,3124.2
1.2,1,1958.0,1866.8
1.33,0,1421.4,1740.8
1.2,0,1932.8,1733.0
1.07,1,2121.4,3038.6
1.33,0,987.0,1735.0
0.13,2,858.8,2193.6
0.0,3,937.4,1682.8
0.53,1,993.4,3074.8
1.07,1,1808.4,3136.6
1.33,0,918.0,1680.2
0.0,3,987.2,1642.2
0.4,2,1103.0,2405.8
1.2,0,1653.6,1759.2
1.07,1,1821.0,3137.0
0.67,3,964.2,2373.2
1.2,1,1751.0,3105.8
0.27,2,1151.0,2599.4
0.13,2,817.0,2322.8
1.07,1,1739.0,3101.0
0.13,2,1226.8,2731.4
1.2,1,1864.6,1907.8
0.27,2,890.0,3123.0
0.27,2,1217.6,2599.0
0.0,3,972.2,1595.2
1.2,1,1910.8,1877.8
1.2,1,1938.4,1887.6
0.13,2,855.8,2204.6
0.27,2,1264.8,2515.6
1.33,1,1722.8,1538.8
0.4,1,1133.2,3103.8
1.07,1,1784.8,3109.6
0.53,2,1097.0,2402.6
0.0,3,885.4,1715.4
1.07,1,1781.4,3132.0
1.33,0,1181.0,1636.8
1.2,1,1954.4,1866.6
1.33,0,898.6,1706.6
1.07,1,1951.0,2907.6
0.27,3,1007.0,2711.4
1.33,0,988.4,1730.8
1.33,0,1125.4,1752.2
0.27,2,841.0,2294.8
1.33,1,1718.4,1532.2
1.33,0,1083.6,1654.8
1.07,1,1797.6,3136.6
0.13,3,888.2,1704.0
1.33,0,1106.6,1651.6
1.47,0,891.2,1705.6
0.13,3,974.4,2405.4
0.93,0,859.0,1845.8
0.27,3,913.0,1702.4
1.33,0,1077.4,1657.2
0.27,2,987.8,2424.8
1.07,1,1811.6,3136.6
1.2,0,1185.6,1637.4
1.07,0,1857.2,1704.4
1.33,0,935.2,1666.2
0.0,3,987.6,3120.6
0.13,2,1332.0,2644.0
0.27,2,820.2,2626.2
0.8,3,974.4,2487.6
1.07,1,1943.6,2876.8
0.27,2,948.2,3015.6
1.33,0,853.2,1694.6
0.0,3,948.4,2557.0
0.13,2,1226.6,2686.0
0.27,2,1338.4,2568.6
0.8,1,1770.2,1713.0
0.53,2,1108.6,2424.2
0.0,3,958.2,2257.4
0.27,2,1020.2,2725.0
1.33,1,1719.0,1556.8
0.0,3,1097.0,1723.8
1.33,0,849.2,1700.4
0.27,2,914.8,2998.6
0.27,2,884.2,3122.8
0.67,3,962.2,2862.0
1.07,1,1931.6,2895.8
0.93,1,1884.4,3133.0
1.2,0,868.6,1697.0
1.33,0,863.2,1704.4
1.33,0,1186.6,1635.4
0.27,2,918.4,2998.2
1.07,1,1731.6,3117.6
0.0,3,960.4,2444.4
1.33,0,1467.0,1754.6
0.27,2,1348.6,2555.6
1.2,1,1807.8,3136.8
0.4,1,1090.6,3106.0
0.13,2,815.6,2339.8
0.13,3,983.6,2352.4
1.33,0,960.4,1706.6
0.0,3,958.2,2088.4
1.33,0,950.2,1721.2
0.13,2,825.8,2556.6
0.13,2,1369.8,2773.8
1.2,1,1803.4,1915.8
1.33,0,1006.4,1749.4
0.27,2,851.0,2380.8
0.13,3,891.2,1709.8
1.07,1,1899.2,3136.6
1.2,1,1928.8,3137.4
0.53,1,799.2,3101.4
1.47,0,1304.2,1738.4
1.07,1,1775.8,3041.0
1.2,0,1664.0,1668.8
0.27,2,865.0,2189.2
0.27,2,1354.4,2904.0
1.33,0,946.2,1736.2
1.07,1,1941.2,2879.0
0.53,1,628.6,3055.4
1.33,0,897.6,1706.2
1.33,0,1153.6,1644.8
1.47,0,930.0,1682.4
0.0,3,1007.0,2507.6
1.33,0,1247.6,1743.4
1.07,1,1810.4,3140.0
1.2,1,1895.6,3138.2
0.93,1,2663.4,2961.4
0.13,3,886.2,1709.2
1.47,0,1371.8,1730.6
1.33,0,889.0,1692.2
1.33,0,1110.6,1648.6
1.33,0,884.4,1696.2
1.33,0,979.0,1727.4
1.33,0,1144.4,1737.8
1.47,1,1701.2,1297.0
1.33,1,1939.2,1341.4
0.0,3,985.8,2575.4
0.0,3,945.4,2571.6
0.4,2,1173.0,2689.6
1.07,1,1986.8,3124.0
1.07,1,1947.0,2885.8
0.27,2,993.4,2475.2
0.27,2,1038.6,2769.0
0.27,2,1208.0,2734.4
0.27,2,1009.8,2745.0
0.0,3,970.4,2331.2
0.13,2,1315.2,2714.4
1.47,1,1702.4,1291.0
0.8,1,2580.8,3084.4
0.13,3,1101.8,1692.2
0.13,3,977.2,2536.4
0.0,3,961.0,2735.8
1.07,1,1831.6,3135.4
1.07,1,1733.0,3095.4
1.33,0,1347.2,1735.8
1.47,1,1705.4,1293.2
1.07,1,1947.0,3134.8
1.33,0,930.2,1676.2
0.27,1,1185.0,3091.6
0.27,2,1014.6,2735.8
0.4,2,802.6,2252.0
1.2,0,1466.0,1753.6
0.53,2,1395.6,2848.2
1.47,1,1708.6,1261.6
1.2,0,1534.6,1751.4
0.13,3,973.6,2446.0
1.07,1,1831.6,3135.6
1.07,1,1832.2,3135.4
0.13,2,908.8,3042.8
0.53,2,1311.4,2635.0
1.33,0,957.8,1713.0
1.33,0,879.8,1710.0
1.33,0,869.6,1695.0
0.0,3,953.2,1717.2
1.2,0,958.6,1733.6
1.2,1,1816.8,3134.6
0.13,2,995.6,2616.6
1.2,1,1808.4,3139.8
0.27,2,806.4,2350.2
1.07,1,1795.6,3134.4
0.27,2,1001.4,2745.2
0.93,1,1983.0,2921.6
1.2,1,1964.0,1879.0
0.27,2,919.0,2993.6
0.13,3,912.4,1702.8
1.2,1,1912.6,3137.6
0.27,2,1071.4,2755.2
0.4,1,1461.6,3073.2
1.07,1,1883.8,3138.4
1.2,0,1842.8,1695.2
0.53,2,1397.2,2887.0
0.67,0,883.2,1810.0
0.27,2,983.6,2417.0
1.2,2,1132.8,2718.0
0.27,2,910.0,3055.2
1.2,1,1956.2,1865.2
0.27,2,815.2,2336.0
0.27,2,956.4,2427.8
0.13,2,1227.0,2607.8
0.13,2,861.0,2234.4
0.13,2,1266.8,2515.6
0.27,2,1069.0,2762.4
1.2,1,1947.6,1868.6
1.2,1,1962.2,1855.2
1.2,0,1513.2,1753.2
1.33,0,890.2,1684.6
1.07,1,1852.0,3134.2
0.13,2,1199.8,2861.8
0.13,3,1127.8,1659.0
1.07,1,1791.0,3130.4
1.07,1,1868.0,1901.2
1.33,1,1740.0,1346.6
0.27,2,904.2,3015.4
1.33,0,984.2,1728.8
1.33,0,1586.2,1740.6
0.27,2,1059.6,2982.0
1.47,0,1069.8,1659.8
1.33,0,1133.8,1642.6
0.13,3,969.8,2420.4
1.33,0,869.4,1696.6
1.07,1,1786.4,3125.8
0.93,1,2226.6,3106.0
1.2,1,1958.6,3071.4
1.33,0,932.0,1668.4
0.13,2,1043.4,2991.2
0.0,3,959.8,2327.8
0.13,2,1299.0,2819.2
0.13,2,1399.8,2505.0
0.53,1,1139.0,3103.8
1.33,0,863.6,1692.2
0.4,2,796.2,2272.0
0.13,3,958.2,2361.2
1.07,1,1758.8,3098.6
1.33,0,866.8,1702.0
1.07,1,1923.6,3136.6
0.13,2,1018.8,2738.0
1.47,1,1742.0,1356.2
0.8,1,1889.2,2836.6
1.33,0,1188.0,1738.8
0.13,2,1195.6,2743.0
1.33,1,1720.6,1534.8
1.07,1,1818.2,2978.6
0.13,3,893.4,1707.6
0.27,3,901.8,1702.4
0.53,1,1486.4,3066.0
0.27,2,1268.0,2618.0
0.13,2,882.4,3119.2
0.8,1,1966.6,2910.8
1.33,0,978.8,1683.8
0.67,3,986.2,2536.2
0.0,3,1001.2,2407.8
1.2,0,1474.4,1747.0
0.93,1,1941.0,2883.0
1.33,0,971.0,1688.2
1.2,0,1654.0,1764.8
0.27,2,1028.8,2714.4
0.13,3,901.4,1707.2
0.53,1,1129.0,3059.4
0.27,2,1023.8,2705.0
0.53,1,514.4,3113.2
1.33,0,844.6,1702.0
0.0,3,1189.2,1725.6
1.47,0,947.4,1689.0
1.33,0,1261.4,1743.0
0.13,2,1356.0,2914.4
1.33,0,1081.4,1653.0
0.8,1,2207.0,3122.4
1.33,0,1196.2,1741.6
0.0,3,958.2,2427.4
1.33,0,960.2,1707.8
0.27,2,1360.6,2847.0
1.2,1,1720.4,1543.8
1.07,1,1816.8,3138.0
1.2,1,1731.2,2876.2
1.33,0,879.2,1703.6
1.07,1,1871.2,3137.6
0.13,3,1002.8,2052.0
0.0,3,988.0,2399.4
0.13,3,896.0,1705.2
0.13,2,1203.8,2777.8
0.93,0,853.4,1853.6
1.2,0,874.4,1693.2
1.33,0,896.2,1706.4
0.13,3,969.8,2456.8
0.67,3,913.4,2523.6
0.13,2,1198.6,2769.4
0.67,1,1708.8,3052.6
1.07,1,1792.6,3108.8
0.0,3,959.0,2067.8
0.13,2,1264.8,2721.8
1.2,1,1832.6,3135.4
1.33,0,871.8,1682.8
1.33,0,1181.4,1637.4
1.33,0,897.0,1691.6
1.33,0,981.4,1683.8
0.13,3,901.8,1706.0
0.27,2,1343.6,2586.4
0.27,2,867.4,2157.4
1.33,0,1086.2,1749.8
1.47,0,1087.2,1655.2
0.27,3,892.0,1711.0
0.13,2,1197.6,2470.4
1.33,0,1136.0,1641.2
0.13,3,886.6,1715.8
0.4,1,578.8,3059.8
1.33,0,1190.0,1636.4
1.07,1,1880.6,1887.8
0.93,1,2158.6,3028.6
0.0,3,942.6,2680.4
0.67,3,974.8,2554.0
0.0,3,1062.6,1712.4
0.67,1,699.8,3097.2
1.33,0,899.4,1703.6
0.27,2,1187.0,2592.0
0.27,3,895.4,1705.0
1.07,1,1800.4,3137.6
1.33,0,869.2,1694.8
0.27,2,1072.8,2888.0
0.13,2,1197.0,2740.8
1.33,0,976.2,1682.4
1.47,0,1152.6,1734.6
0.13,3,970.4,2365.4
0.27,2,1173.8,2687.4
0.27,2,922.6,2985.4
0.0,3,1005.0,2191.2
0.13,3,1178.4,1650.0
0.27,2,853.2,2246.0
1.2,1,1879.6,3135.4
0.13,3,889.6,1707.4
0.13,2,1261.6,2636.6
0.13,3,969.4,2544.4
1.2,0,1550.0,1740.2
0.13,3,1350.6,1489.2
0.13,3,955.0,2553.6
1.33,0,1108.0,1746.4
0.0,3,988.0,3113.8
1.07,1,1962.2,1850.8
0.13,3,889.4,1711.6
1.07,1,1817.0,3137.2
0.0,3,979.4,2472.8
0.27,1,1158.0,3075.8
1.07,1,2492.4,2908.0
0.13,3,984.0,1699.8
1.33,0,875.6,1742.8
1.47,1,1739.2,1219.2
0.0,3,990.6,3111.8
0.8,1,2234.4,3123.2
0.13,3,972.6,2450.6
0.27,2,898.0,2886.2
1.2,1,1812.2,3123.8
1.07,1,1813.6,3132.4
0.8,1,2058.4,3127.2
1.33,0,898.0,1702.0
0.0,3,954.6,2360.4
0.13,3,986.2,2375.6
1.33,0,858.4,1706.2
1.07,1,1837.0,1919.6
0.8,1,2237.4,3122.0
0.4,2,810.2,2378.8
1.07,1,1807.6,3139.2
1.33,0,999.6,1678.2
0.8,3,980.4,2512.6
0.67,2,1304.2,2634.0
1.33,0,868.8,1708.0
1.2,1,1810.0,1906.2
1.47,1,1701.2,1239.2
1.33,0,885.8,1687.0
1.07,1,1762.0,3138.2
0.0,3,957.8,2155.6
0.13,2,1003.8,2760.0
0.13,2,828.0,2512.8
1.33,0,1336.2,1737.6
1.47,0,937.2,1670.8
1.47,0,1178.8,1737.0
1.07,1,1815.8,3139.2
0.27,2,1046.2,2973.2
0.27,2,986.4,2442.4
0.27,2,977.0,2742.4
1.6,1,1711.8,1283.2
0.0,3,1006.8,1946.0
1.2,1,1882.8,1884.4
1.33,0,1105.2,1652.0
1.33,0,991.6,1744.2
1.07,1,1916.2,3134.2
1.07,1,1937.8,3135.6
1.33,0,864.4,1693.8
0.13,3,891.6,1710.2
1.33,1,1726.2,1515.6
1.47,1,1710.8,1203.0
0.0,3,1041.2,1443.6
0.53,1,474.4,3104.4
1.07,1,1812.6,2982.0
0.13,2,1229.8,2670.6
1.07,1,1819.0,3138.4
0.13,2,866.8,2585.8
1.33,0,874.8,1704.4
1.2,0,1115.0,1752.2
1.33,0,900.8,1696.2
0.67,1,2506.0,3092.2
0.13,2,1036.6,2944.8
0.0,3,949.6,2568.8
1.33,1,1724.6,1482.8
0.0,3,953.2,2524.0
0.27,2,915.6,2999.2
1.2,1,1961.2,1894.6
1.07,1,1851.0,3136.6
1.07,1,1845.4,3134.4
1.07,0,1704.6,1644.0
1.2,1,1727.0,2849.0
1.33,0,933.4,1704.6
1.33,0,902.8,1699.2
0.0,3,963.4,2715.8
1.33,0,915.8,1708.2
1.2,1,1963.4,1863.4
1.33,0,879.4,1704.0
1.07,1,1936.0,3134.0
0.27,2,1205.2,2715.4
0.13,3,1321.2,1517.2
1.2,1,1922.6,1886.2
1.07,1,1733.8,3101.0
0.0,3,910.0,1707.2
0.93,0,2092.4,1690.6
0.13,3,962.8,1713.8
1.33,0,884.0,1689.8
1.07,1,1726.0,3085.8
0.27,2,1343.4,2600.2
1.33,0,914.4,1696.4
1.33,0,1023.0,1754.4
0.13,3,970.4,2366.2
0.67,1,1904.0,2826.0
0.53,2,1367.8,2664.2
1.33,0,1143.2,1748.0
0.13,3,984.8,2383.6
1.33,0,878.8,1704.2
0.67,1,1889.2,3117.8
0.27,2,908.6,3029.2
1.33,0,891.4,1688.4
1.07,1,1848.6,3135.6
1.33,0,917.4,1684.2
1.2,0,1630.4,1753.0
0.67,1,1290.2,3083.2
0.13,2,980.2,2717.0
0.27,2,1170.2,2618.0
1.07,2,1128.2,2473.8
1.33,0,874.4,1694.8
0.13,3,898.0,1705.2
1.07,1,1745.2,3112.2
0.27,1,1369.0,3059.4
0.8,1,2009.2,3125.2
0.27,2,1182.0,2513.8
0.13,2,1291.4,2814.8
1.2,1,1949.6,1868.0
0.13,2,1002.2,2766.4
1.2,1,1807.2,1917.2
1.33,0,905.4,1696.8
1.33,0,933.2,1709.4
0.27,2,1073.0,2818.8
0.13,2,869.0,2415.6
1.2,0,1655.8,1767.8
0.13,2,1294.6,2816.6
1.2,0,1635.8,1752.2
1.2,0,923.2,1712.0
1.07,1,1962.2,1874.4
0.27,2,813.2,2426.6
0.27,2,1334.6,2542.4
0.67,1,1939.0,3121.8
1.33,0,874.2,1703.4
0.27,2,1209.0,2559.2
0.53,1,1505.0,3054.6
0.13,2,1264.6,2633.8
1.33,0,888.8,1702.2
0.27,2,1350.0,2665.8
1.33,0,932.6,1672.0
1.33,0,888.8,1688.0
1.33,0,1308.8,1733.4
1.33,0,1323.6,1736.6
0.13,3,894.8,1706.2
0.27,2,897.0,3123.2
0.67,3,905.8,2568.8
0.67,3,957.4,2877.4
1.33,0,1198.8,1739.2
0.27,2,888.0,3125.2
1.33,0,948.0,1684.8
1.47,0,1361.2,1734.6
1.07,1,1792.2,3131.6
1.47,1,1702.8,1292.0
1.2,0,1620.4,1752.0
1.33,0,1099.8,1656.0
1.33,0,1018.0,1757.4
0.27,2,998.0,2704.0
0.13,3,979.4,2476.0
1.33,0,872.8,1685.6
0.8,1,1974.0,2928.8
1.07,1,1738.0,3116.0
0.93,1,2224.0,3108.6
0.13,3,911.4,1701.8
0.4,3,970.0,2874.2
1.33,0,998.4,1751.6
0.27,1,1313.8,3069.2
1.07,1,1813.2,3123.6
0.67,1,905.0,3069.0
0.53,1,1378.0,3072.8
1.33,0,1121.6,1643.6
0.67,2,1318.2,2636.6
1.47,0,884.6,1688.4
1.33,0,1499.8,1752.4
0.8,3,993.2,2587.4
0.13,3,886.2,1709.2
1.33,0,861.6,1696.4
0.13,3,967.8,2554.4
0.27,2,917.0,2998.4
1.33,0,1105.2,1656.4
1.33,0,1001.2,1745.4
0.0,3,972.6,2424.6
1.47,1,1703.8,1203.8
0.4,2,1110.6,2425.0
0.13,2,860.0,2218.0
0.13,2,1222.8,2721.8
0.0,3,981.2,3121.2
0.67,3,992.0,2609.4
0.27,2,1097.2,2692.8
0.53,1,1432.0,3068.0
1.33,0,1004.8,1744.6
1.33,0,998.6,1750.0
0.0,3,958.6,2063.8
1.2,1,1731.4,2857.6
1.07,1,1826.2,3137.4
1.2,1,1965.0,1858.4
1.2,1,1810.4,3135.8
1.33,0,1259.8,1743.0
0.13,2,1227.2,2739.0
0.67,1,1195.2,3079.6
0.8,2,1144.6,2512.2
1.33,0,921.4,1715.4
1.2,1,1818.0,1920.8
0.13,2,1277.0,2472.6
1.33,1,1730.8,2841.6
0.4,2,1105.0,2520.2
1.2,0,1659.4,1695.8
0.0,3,996.6,2276.4
0.0,3,1007.6,2385.2
1.2,1,1727.6,2848.0
0.27,2,1224.8,2607.6
0.27,2,917.4,2996.0
0.67,3,995.4,2551.8
0.13,3,967.4,2440.6
0.13,2,1226.8,2709.0
0.13,2,1266.4,2596.2
1.07,1,1961.4,3135.6
0.27,2,1055.8,2981.6
0.13,3,958.0,2449.0
0.13,3,973.0,2346.0
0.13,2,1174.0,2739.4
1.33,0,1170.8,1733.4
0.4,2,992.8,2456.2
1.2,1,1943.8,1886.4
1.33,0,1040.0,1670.8
0.13,2,1232.0,2633.0
0.27,3,1348.0,1503.0
0.13,2,1227.2,2608.0
1.33,1,1732.6,1373.4
1.07,1,1949.4,2906.4
0.27,2,1152.0,2603.0
0.27,2,986.0,2748.6
1.07,1,1976.0,3131.6
0.27,2,984.4,2415.2
0.27,2,1206.4,2620.8
1.47,1,1740.2,1350.4
0.4,1,1734.8,2857.2
0.13,3,959.4,2428.6
0.13,3,902.2,1707.0
1.33,0,953.4,1719.2
0.13,2,1190.2,2550.8
0.93,0,624.0,1799.6
0.13,3,896.0,1704.8
1.33,1,1727.4,1516.6
1.2,1,1780.6,3133.6
0.27,2,864.4,2232.2
0.4,1,1081.8,3104.6
1.33,0,933.6,1708.8
1.07,0,1954.8,1745.4
0.27,2,833.2,2442.4
1.07,1,1815.4,3139.4
0.13,2,1305.2,2774.8
0.13,2,1226.4,2645.0
0.13,2,1321.2,2640.2
1.47,0,944.8,1686.0
0.13,3,986.6,2383.2
0.53,2,1375.8,2644.6
0.27,2,881.0,2305.8
0.67,3,953.6,2856.6
1.2,1,1956.4,1861.0
1.07,1,1740.2,3099.6
0.13,3,969.0,2417.6
1.07,1,1946.6,1869.8
1.47,1,1710.8,1270.4
0.53,1,509.2,3135.6
1.33,0,862.8,1704.6
1.33,0,925.6,1708.6
1.33,0,882.4,1690.2
1.33,0,1122.8,1653.4
1.47,0,1108.0,1650.0
1.33,0,1432.4,1744.2
1.33,0,1415.0,1742.2
1.07,1,1909.4,3134.8
0.27,2,996.8,2633.2
0.93,1,1918.4,2826.4
1.33,0,870.2,1687.4
1.2,2,898.2,2514.4
1.07,1,1822.6,3128.2
0.67,1,2037.4,3125.2
0.93,0,863.2,1830.0
0.0,3,924.6,1693.0
0.13,2,998.8,2642.6
1.33,0,898.2,1689.8
1.07,1,1834.8,3138.8
0.4,2,1111.6,2440.2
0.27,2,930.4,3027.4
1.33,0,994.0,1826.2
1.2,1,1731.4,2873.0
0.0,3,959.2,2089.8
0.13,2,1329.6,2880.8
1.2,1,1741.0,2848.6
0.27,2,994.2,2487.4
0.8,1,2061.4,3128.2
1.47,1,1708.4,1294.2
0.27,2,907.4,3030.2
1.33,0,1003.8,1754.6
0.4,2,1405.2,2639.8
0.93,0,858.6,1824.2
0.67,3,962.4,2619.8
1.33,0,952.8,1720.6
0.27,2,847.6,2344.2
1.33,1,1719.4,1550.6
0.13,2,1320.4,2666.2
1.33,1,1715.4,1454.0
1.33,0,927.4,1715.4
0.0,3,970.6,2540.2
0.0,3,1017.8,1711.6
0.93,1,1948.2,2899.6
0.27,2,993.2,2518.6
1.07,0,1823.2,1686.6
0.53,1,465.0,3106.2
1.33,0,994.8,1745.0
0.27,2,840.0,2266.8
0.27,2,1173.4,2704.0
0.4,2,1100.0,2585.8
0.27,2,1056.6,3016.8
1.2,0,1747.4,1644.2
1.33,0,869.6,1704.6
1.07,1,2145.0,3032.4
1.33,0,1313.0,1742.6
1.07,1,2103.6,3055.6
1.33,0,895.2,1683.4
1.2,1,1812.8,3136.2
1.33,0,931.8,1715.6
0.13,2,904.6,2722.0
0.27,2,1073.6,2756.2
1.2,0,1366.0,1738.4
1.33,0,1222.4,1741.2
0.13,3,889.0,1711.4
0.4,2,1319.8,2679.4
0.27,2,1360.4,2898.4
0.13,2,1097.8,2519.6
0.53,1,521.2,3107.6
1.47,1,1735.0,1333.0
0.27,2,1402.2,2593.8
1.33,0,1178.0,1634.4
1.07,1,1809.8,3122.8
1.07,1,1805.2,3123.4
1.33,0,913.8,1706.4
1.33,0,1324.4,1739.2
1.33,0,878.4,1701.2
0.27,2,953.4,3003.8
0.13,3,961.0,2774.2
1.47,1,1723.8,1423.2
1.2,1,1815.6,3136.2
0.27,2,1173.8,2675.4
1.07,1,1783.6,3131.2
1.07,1,1757.6,3089.4
0.27,2,999.2,2741.6
1.2,1,1845.2,3137.6
0.27,2,1362.4,2814.6
1.33,0,1068.2,1654.8
1.33,0,939.0,1677.6
0.13,2,910.4,2590.2
1.2,1,1725.2,2874.2
1.33,0,1130.2,1747.6
0.27,2,1017.2,2736.4
1.33,0,888.2,1693.0
0.27,2,1066.0,2989.6
1.2,1,1838.8,1920.8
1.33,0,943.6,1709.4
1.07,1,1918.4,3140.2
0.13,2,1231.8,2639.4
1.33,0,918.0,1681.0
1.07,1,1778.0,2894.8
1.33,0,1494.2,1750.6
1.47,0,1102.2,1657.2
0.13,3,983.0,2358.0
1.33,1,1820.6,2860.8
1.47,1,1706.6,1291.4
0.27,3,1006.4,2854.2
0.67,3,961.0,2471.8
0.0,3,962.0,2801.8
0.13,3,891.4,1709.2
0.27,2,1377.4,2818.8
1.2,0,1580.8,1738.4
1.2,1,1901.2,3137.2
0.13,2,1035.4,2944.6
1.07,1,1946.0,1905.4
0.13,2,922.4,2981.0
0.0,3,944.0,1727.2
1.07,1,1941.4,2861.2
1.2,0,1766.8,1652.8
0.13,2,1264.0,2531.6
0.0,3,954.6,2574.0
1.33,0,932.6,1682.0
1.07,0,2088.4,1708.4
1.33,0,917.6,1686.0
0.67,3,956.4,2878.8
1.47,1,1739.0,1344.6
0.13,3,992.6,2286.2
1.47,0,1275.8,1748.2
0.13,3,979.0,2375.4
1.47,1,1718.2,1435.8
0.27,2,1169.4,2719.2
1.07,0,1891.0,1714.0
1.33,0,876.4,1696.4
0.13,3,979.4,2488.6
0.67,2,1108.0,2606.8
0.27,2,994.8,2473.6
0.53,2,1300.2,2633.8
1.2,0,1545.6,1743.2
0.93,0,297.2,1770.6
1.33,0,1187.4,1739.6
1.2,0,1500.0,1753.6
0.93,1,1927.4,2840.2
0.27,2,812.6,2320.0
1.07,1,1834.8,3135.4
1.33,1,1734.8,1497.4
0.4,2,811.8,2315.0
1.33,1,1716.2,1447.4
1.2,1,1743.8,2850.8
1.2,1,1938.0,3122.2
0.13,2,825.0,2618.2
0.27,1,1292.2,3065.8
1.07,0,1794.8,1668.2
1.33,0,1444.2,1745.8
0.13,2,1323.2,2717.8
0.27,2,1381.0,2778.8
1.07,1,1831.6,3137.0
0.67,3,963.4,2866.6
0.13,2,1308.0,2833.2
1.33,0,984.0,1726.4
1.07,1,1868.2,3138.4
0.27,2,947.4,3014.6
0.4,1,1246.0,3107.4
0.53,1,441.8,3115.2
0.13,3,959.2,2733.6
0.0,3,1041.4,1437.2
0.4,2,844.4,2474.8
0.53,1,1816.4,2852.4
1.33,0,875.4,1682.8
0.8,1,2611.8,3045.4
0.13,2,1257.4,2741.6
0.93,1,1937.8,2869.2
1.33,0,858.8,1707.4
0.0,3,978.2,2483.6
0.13,2,1099.2,2650.0
1.33,0,885.8,1688.6
1.33,0,862.4,1693.4
1.2,1,1822.0,1916.0
0.27,2,917.8,3024.6
1.07,1,1799.2,3137.4
0.67,1,839.2,3088.6
0.27,2,830.2,2489.2
0.13,3,891.4,1712.4
0.27,2,1384.8,2492.6
0.27,2,1183.6,2730.2
1.07,1,1745.6,3124.4
1.33,0,1178.6,1640.4
0.27,2,909.4,2496.0
1.2,1,1962.8,1872.8
0.4,2,1101.6,2621.8
1.33,0,1393.6,1742.0
0.53,1,770.0,3097.6
0.67,1,1312.2,3066.0
0.67,2,1333.8,2631.6
0.13,3,903.4,1703.4
1.33,0,905.0,1696.8
0.4,2,1018.4,2740.6
0.67,1,1967.4,3123.6
0.13,3,913.6,1710.6
1.47,0,896.6,1702.8
0.67,2,1305.6,2676.6
0.0,3,953.4,2584.4
0.13,2,1229.2,2664.6
0.53,3,967.2,2861.0
1.33,0,941.2,1738.0
1.07,1,1805.8,3136.4
1.33,0,871.8,1686.4
0.0,3,1007.4,2724.0
1.2,0,1561.4,1742.6
1.07,1,1779.8,3135.2
0.0,3,949.0,2722.2
1.07,1,1756.8,3103.0
0.4,2,946.8,3018.4
1.07,1,1932.2,2893.0
0.8,1,2066.8,3127.2
0.13,3,978.4,2432.0
1.33,0,868.2,1705.0
0.13,2,1226.6,2725.4
0.27,2,1009.6,2748.4
0.27,2,920.0,2987.4
1.07,1,1872.2,3135.8
0.13,3,906.6,1705.6
1.33,0,847.6,1700.8
0.0,3,985.6,3102.4
0.93,1,2153.2,3033.0
1.33,0,1189.6,1738.6
1.33,0,1184.4,1733.2
1.33,0,1121.4,1753.6
1.07,0,2055.4,1760.0
1.47,0,1009.6,1741.8
1.2,0,938.2,1707.8
0.53,1,1320.4,3072.0
0.13,2,1321.4,2558.6
0.27,2,863.6,2196.2
0.8,1,1372.8,3133.4
0.27,2,1043.0,2818.4
0.67,3,876.8,2355.4
1.47,1,1701.4,1293.8
1.33,0,905.2,1694.2
0.27,2,994.2,2464.2
1.33,1,1749.8,2856.2
0.13,2,1053.6,3025.0
1.07,1,1802.8,3133.6
0.67,3,992.6,2635.6
1.2,0,1481.6,1761.4
1.07,1,1827.2,3136.4
0.27,2,1219.8,2751.4
0.27,2,1056.8,2993.6
1.33,0,1176.0,1740.0
1.33,0,903.4,1696.4
0.53,2,1394.4,2665.2
1.2,0,1657.2,1750.0
0.13,2,1272.8,2624.0
1.33,0,908.0,1693.4
0.27,2,892.6,3125.8
0.27,3,905.2,1703.6
1.33,0,938.6,1664.2
1.07,1,1833.0,3137.2
0.27,2,819.8,2332.0
0.13,2,1241.6,2582.4
0.13,2,869.6,2956.2
1.2,0,425.2,1807.0
0.53,1,605.0,3133.2
0.27,2,1188.0,2605.6
1.33,0,931.8,1678.0
0.0,3,1039.0,1558.4
0.13,2,861.6,2197.4
0.53,1,1239.2,3107.2
0.4,2,803.4,2250.8
1.33,0,1125.4,1651.6
0.13,3,1226.2,1609.4
1.33,0,963.8,1823.8
1.33,1,2061.6,2898.4
1.33,1,1726.2,1519.4
0.27,2,894.6,2854.8
0.27,2,891.6,3124.6
1.2,0,1667.0,1642.4
0.27,2,1172.4,2567.2
1.33,0,941.8,1681.4
1.33,0,871.6,1693.4
0.93,2,1132.8,2455.0
0.67,3,981.4,2595.2
0.13,3,1349.4,1563.2
1.33,0,1183.6,1637.6
0.13,2,1277.6,2612.4
0.13,3,894.2,1705.8
0.27,2,1389.4,2448.4
1.07,1,1953.4,1870.4
0.13,2,818.2,2589.8
0.13,3,997.2,1725.8
1.33,0,965.2,1719.2
1.47,1,1706.2,1201.8
0.27,2,1013.8,2741.2
1.33,0,1099.2,1654.2
1.33,0,1230.6,1747.6
0.27,2,847.0,2529.2
0.13,2,849.4,2396.4
0.53,2,1296.8,2659.4
0.27,2,840.6,2288.8
0.8,3,924.0,2418.8
1.47,0,939.2,1662.8
0.27,2,988.0,2448.2
1.47,0,930.0,1709.2
1.07,2,1128.0,2607.4
1.33,0,942.6,1714.8
0.13,2,1074.2,2848.8
1.07,1,1973.2,3134.4
1.2,0,1161.8,1740.6
0.13,3,896.2,1703.2
1.07,1,1958.8,1866.8
1.2,1,1917.4,1884.4
0.67,1,1505.0,3118.4
0.27,2,1224.8,2837.2
0.4,2,1402.6,2636.6
1.33,0,903.0,1697.4
0.67,1,1031.6,3132.8
1.33,0,861.2,1699.6
0.27,2,907.8,3036.6
0.93,1,1962.8,2911.2
1.33,0,854.2,1693.2
0.27,2,1053.8,2986.2
1.33,0,874.4,1683.6
0.13,3,979.8,2432.8
0.53,1,703.6,3105.2
0.4,2,814.2,2425.0
1.2,1,2408.4,2928.8
1.07,1,1932.8,2895.8
1.2,1,1840.2,1898.6
0.27,2,845.6,2661.8
1.33,0,864.4,1697.0
1.2,2,1127.8,2544.2
0.27,2,807.0,2340.8
0.27,3,907.2,1714.2
1.33,0,978.6,1747.0
0.53,1,1306.6,3077.4
1.07,1,1917.4,3136.6
0.67,3,965.8,2334.0
1.33,0,994.2,1741.8
1.07,1,1833.0,3138.4
0.8,1,2055.4,3125.8
1.47,0,957.8,1691.2
0.53,1,1400.2,3074.8
1.47,0,1009.8,1760.6
0.67,3,973.0,2499.0
0.8,1,2381.2,3113.6
1.33,0,1545.6,1744.8
0.4,1,1559.0,3072.4
0.27,2,1367.2,2782.8
1.2,1,1886.0,2872.6
0.67,1,1873.6,2842.4
1.07,1,1757.0,3064.6
1.2,1,1936.6,3136.2
0.27,2,1198.8,2744.0
1.33,0,893.0,1697.0
1.33,0,862.4,1698.2
1.33,1,1723.6,1487.4
0.13,3,887.0,1711.6
1.2,1,1940.0,2922.8
1.2,1,1728.6,2850.8
1.33,0,1122.8,1746.6
1.2,1,2454.0,2920.8
1.07,0,2068.8,1754.0
0.0,3,979.6,2372.2
0.27,2,1046.6,2974.4
0.13,2,1338.4,2590.0
0.53,1,735.6,3095.6
1.07,1,1958.2,1873.2
0.93,1,1940.2,2867.4
0.27,2,838.0,2278.4
1.07,1,1947.4,1882.8
1.2,1,1938.0,2884.4
1.33,1,1719.2,1530.6
1.33,0,947.6,1731.2
0.0,3,971.4,1720.2
1.33,1,1723.8,1485.0
1.2,1,1818.6,1902.4
1.47,0,1036.0,1661.0
0.13,2,976.2,2710.8
0.13,2,1344.4,2680.4
0.27,3,895.8,1704.8
1.2,1,1901.8,1871.8
0.13,2,1346.8,2599.2
0.0,3,957.0,2277.8
1.47,0,1189.0,1728.0
1.33,0,1137.0,1735.6
0.8,1,2339.6,3062.0
1.07,0,1999.6,1760.8
0.27,3,885.8,1714.6
0.4,2,1259.0,2694.6
0.53,1,1503.6,3076.0
1.33,0,1383.2,1740.2
1.07,1,1782.0,3132.4
0.27,2,883.4,3122.6
0.93,0,838.4,1818.6
1.33,0,1195.0,1638.2
1.33,0,867.2,1694.0
1.07,1,1812.0,1918.2
0.53,1,1277.0,3102.2
0.27,2,840.2,2246.6
0.93,2,1134.8,2414.8
0.4,1,1165.6,3090.6
1.07,0,2331.0,1785.6
1.33,1,1729.2,1492.6
1.33,0,870.4,1697.0
1.47,0,1146.8,1642.4
1.33,0,861.8,1703.0
0.13,3,972.2,2329.2
1.2,0,1337.8,1739.4
0.8,1,2090.8,3124.8
0.0,3,1059.6,1511.8
0.93,1,2245.4,3124.0
1.2,1,1945.8,1882.6
0.13,2,883.8,3116.2
0.0,3,990.6,1715.8
0.27,2,1353.8,2898.2
1.33,0,925.0,1707.4
0.67,2,1364.8,2664.8
1.33,0,1520.4,1751.2
1.33,0,1116.2,1748.4
0.13,3,1098.8,1717.4
0.27,2,888.6,3123.4
1.33,0,1111.4,1656.8
0.53,2,1396.0,2756.2
1.07,1,2680.8,2867.6
1.33,0,1168.2,1641.2
0.8,1,2056.4,3124.6
0.67,3,983.6,2545.0
1.47,1,1731.0,1379.2
0.8,1,2115.0,3124.4
0.27,2,1101.2,2602.8
1.33,0,1272.6,1746.6
0.27,2,1011.6,2737.4
0.0,3,957.6,2601.8
0.0,3,941.4,2585.8
1.2,1,1894.4,3138.4
0.27,2,1182.2,2728.4
1.2,1,1732.2,2865.4
0.13,3,905.4,1711.2
0.13,2,834.4,2414.8
0.67,1,1937.8,3125.4
1.07,1,1791.8,3110.8
1.33,0,891.8,1701.2
0.13,3,959.8,2734.8
0.27,3,982.4,3122.0
0.13,3,898.0,1703.8
1.07,1,1943.8,1887.4
0.13,3,960.8,2758.4
1.47,0,1222.8,1738.0
0.27,2,889.2,3120.2
0.4,2,1228.0,2606.8
1.2,0,1621.6,1747.8
1.07,1,1813.6,3137.8
0.53,1,440.6,3112.4
0.93,0,2084.6,1724.6
0.4,2,1396.2,2908.2
1.07,1,1845.0,3134.2
0.93,1,2211.6,3120.8
1.33,0,852.2,1692.4
1.07,0,2036.2,1761.8
1.07,1,1815.0,3136.0
1.07,0,1977.8,1753.0
1.2,1,1946.8,1884.6
0.13,2,857.8,2266.2
1.47,0,1139.6,1641.8
1.33,0,904.6,1700.8
1.33,0,930.2,1712.4
1.33,0,913.0,1704.8
0.27,2,1351.2,2755.2
0.13,3,1274.2,1559.0
1.33,0,904.0,1707.8
0.0,3,964.8,2713.0
1.2,0,886.2,1692.2
0.93,1,2222.4,3104.6
1.33,0,857.2,1695.4
1.2,1,1817.6,1899.8
1.33,0,908.2,1704.6
0.13,3,1346.4,1509.2
1.07,1,1806.2,1907.0
0.13,2,1241.8,2604.6
1.33,0,1167.4,1638.0
0.0,3,996.0,2280.0
1.33,0,994.0,1737.0
0.13,2,1198.4,2868.4
1.2,1,1813.6,3138.8
0.27,2,1029.8,2711.8
1.33,0,1171.4,1643.4
0.67,2,1297.8,2640.4
1.2,0,1602.4,1748.4
1.33,0,863.4,1686.8
1.2,1,1951.6,1888.0
0.27,2,872.0,2158.2
0.0,3,986.8,3118.0
0.93,1,2183.2,3039.2
1.2,0,1177.2,1636.8
1.47,0,912.4,1701.6
1.07,1,1863.4,3138.4
0.67,1,2095.2,3118.8
1.07,1,1887.0,3133.6
1.33,0,1174.6,1734.4
0.13,3,893.2,1708.0
1.2,1,1988.4,2891.2
1.2,0,844.0,1701.6
1.33,1,1729.4,1505.2
1.33,0,943.6,1807.8
0.13,2,1086.2,2427.4
1.47,0,1086.4,1652.0
1.07,1,1729.4,3088.0
0.4,2,804.8,2263.4
0.67,1,2022.8,3123.8
0.13,2,816.4,2428.8
0.67,1,1976.2,2926.0
1.33,0,933.0,1682.0
0.0,3,958.8,2239.4
0.13,3,895.0,1708.6
1.07,1,1948.2,2911.4
1.33,0,1338.0,1735.2
0.27,2,1056.2,2983.6
0.27,2,848.0,2386.6
0.67,1,1310.2,3115.8
0.67,3,963.6,2392.0
1.33,0,900.6,1703.2
0.13,2,874.8,3121.0
1.33,0,1126.6,1641.2
1.33,0,872.4,1705.8
0.67,1,2053.2,3058.2
1.33,1,1738.0,2849.0
1.47,1,1708.6,1300.8
1.33,0,900.0,1696.2
1.2,1,1835.6,3135.6
1.33,0,869.8,1693.6
0.8,2,1108.6,2816.2
1.33,0,1306.4,1744.2
1.07,1,1797.8,3089.6
0.53,1,700.4,3055.0
1.2,0,1525.0,1747.4
1.47,0,1203.6,1736.0
1.2,0,861.4,1704.6
1.07,1,1900.8,3136.6
0.13,2,1222.6,2681.6
0.0,3,1003.2,1966.6
0.13,3,1211.6,1611.4
1.33,0,1030.6,1761.0
0.13,2,1043.4,2964.8
1.07,1,1794.2,3093.6
1.07,1,1941.0,2920.4
1.33,0,1058.4,1654.6
0.67,3,974.2,2541.2
1.07,1,1892.6,3135.0
0.0,3,987.2,2932.8
0.67,3,994.2,2563.8
1.33,0,889.8,1706.4
0.0,3,956.0,2710.0
1.07,1,1734.6,3103.0
0.53,2,1396.0,2639.0
1.33,0,1039.2,1755.4
0.13,2,866.6,2390.2
1.33,0,1065.8,1745.6
1.33,1,1724.2,2853.0
0.53,1,402.2,3103.8
1.33,0,1356.6,1736.8
1.2,1,1839.6,1917.6
0.27,2,1193.0,2746.8
1.33,0,1161.8,1645.0
1.33,0,1166.8,1637.2
1.2,1,1955.4,3108.8
1.33,0,986.4,1742.4
0.27,2,1378.2,2804.4
0.27,2,824.8,2637.6
0.53,1,1224.6,3107.0
1.47,0,1102.8,1655.8
0.53,1,365.0,3114.6
1.07,1,1957.4,3099.6
1.33,0,1313.0,1742.0
0.93,0,2451.4,1835.2
0.27,2,974.8,2728.6
0.53,1,1203.0,3075.0
1.2,1,1731.2,2858.0
1.07,1,2192.0,3062.6
0.8,1,1948.6,2892.4
0.27,2,998.0,2736.8
0.13,2,873.2,2362.4
0.67,3,977.8,2460.2
0.27,2,1177.2,2728.8
0.27,2,1333.4,2582.8
1.33,0,901.0,1698.0
1.47,0,919.2,1681.6
1.33,0,1149.0,1734.6
0.27,2,1013.2,2738.0
0.13,3,895.8,1704.2
0.13,2,1264.0,2643.4
0.93,0,798.2,1812.4
1.2,1,1897.8,3134.6
1.07,1,1816.8,3138.0
1.07,1,1934.4,2876.2
0.13,3,887.4,1703.6
1.07,1,1876.2,3138.4
0.53,3,971.4,2869.4
1.07,1,1896.4,3136.2
1.33,0,945.2,1689.8
1.33,0,995.6,1736.8
0.13,2,1281.4,2613.8
1.33,0,1065.4,1746.6
0.53,1,1156.2,3089.8
1.33,0,950.8,1712.0
1.33,0,888.4,1688.6
1.33,0,1099.0,1749.8
1.47,1,1735.4,1399.6
0.67,3,906.8,2507.8
1.33,0,906.2,1698.0
0.53,1,1365.2,3070.2
0.13,3,960.6,2419.8
1.2,0,618.6,1753.0
1.33,0,877.6,1695.4
0.27,2,847.6,2397.4
1.33,0,865.6,1688.0
0.13,2,1232.2,2631.2
0.27,2,845.2,2357.2
1.33,1,2168.8,1422.4
1.33,0,874.6,1703.2
0.27,2,1040.2,2905.6
0.93,1,2228.4,3112.6
0.13,3,979.0,2443.6
0.27,2,1046.4,3028.0
0.27,2,1194.6,2612.0
0.13,2,1320.8,2602.0
1.33,0,1165.6,1642.0
1.07,1,1827.2,3138.4
0.27,2,900.2,2916.6
1.33,0,871.6,1682.4
1.2,1,1935.4,3139.6
0.4,2,796.0,2234.6
1.2,1,1831.6,3134.6
0.67,3,961.6,2406.2
0.13,3,987.4,1724.0
0.8,3,907.6,2570.4
0.67,1,1037.8,3071.6
1.33,1,1720.0,1481.6
0.27,1,1200.8,3102.0
0.67,3,883.4,2388.6
0.53,1,1227.6,3061.4
0.4,2,953.8,2524.8
0.13,2,1056.2,2989.4
0.27,2,841.6,2241.4
0.53,1,1625.4,3070.6
1.2,1,1945.0,1879.4
1.07,1,1724.0,3116.4
0.27,2,1098.2,2678.4
1.2,0,874.4,1693.2
0.27,2,1185.0,2647.0
0.27,2,974.8,2432.4
0.0,3,958.0,2120.6
0.13,2,987.6,2667.4
0.93,1,1927.6,3133.4
0.53,1,1849.2,2848.6
1.33,0,954.8,1715.0
0.4,1,1181.2,3110.4
0.13,2,991.4,2594.0
0.13,3,993.8,2281.6
0.13,3,896.6,1709.6
0.93,1,1933.8,2875.4
0.13,3,956.6,2353.2
1.33,0,857.0,1698.6
0.27,2,1261.8,2627.6
0.13,3,911.2,1705.6
0.8,1,1897.2,2831.4
0.13,2,1224.6,2702.6
1.33,0,887.4,1690.6
1.33,1,1715.4,1546.6
1.2,1,1950.4,2910.0
0.93,1,1733.4,1635.6
1.33,0,1167.4,1642.4
0.13,3,998.6,2655.6
1.33,0,961.6,1690.2
1.33,0,955.8,1731.0
0.53,1,1150.4,3081.6
1.2,1,1960.8,1867.0
1.2,1,2215.4,2913.2
0.27,2,952.2,2627.2
0.13,2,1072.0,2752.0
1.07,1,1834.6,3138.2
0.13,3,985.8,2358.2
0.13,3,992.6,2313.6
1.33,0,1000.0,1771.0
0.27,2,1000.4,2742.2
1.33,0,881.2,1708.2
1.2,1,1734.6,2861.6
0.27,2,1184.6,2736.2
0.93,1,2232.4,3129.2
0.13,3,997.2,2238.0
1.33,0,1123.0,1639.8
0.13,3,985.2,2380.2
1.07,1,1880.0,3137.2
1.07,1,1771.6,3136.8
0.0,3,947.4,2557.0
0.27,2,1175.6,2684.0
1.33,0,957.0,1690.8
0.53,1,1132.4,3066.8
0.67,1,846.0,3056.4
0.13,2,1352.6,2862.6
0.27,2,1193.4,2599.4
0.67,1,1369.4,3066.6
1.2,1,1879.8,3138.2
1.07,1,1797.2,3137.0
1.47,1,1725.4,1415.6
1.2,1,1858.0,1920.8
0.27,2,1230.6,2662.2
0.93,2,1140.0,2468.8
1.07,1,1813.0,3140.6
1.33,0,875.8,1708.6
1.2,0,1089.6,1655.8
1.33,0,865.4,1691.6
1.33,1,1719.4,1534.8
1.33,0,893.2,1704.2
1.07,1,1835.6,3135.8
1.2,0,1678.0,1637.6
1.33,0,1045.0,1667.2
1.33,0,922.2,1682.6
0.13,3,889.4,1711.4
1.33,0,932.4,1737.0
1.2,1,1943.0,1869.6
0.0,3,928.6,1687.6
0.13,2,988.8,2704.8
0.0,3,1105.0,1696.0
0.8,1,1250.4,3076.4
1.07,1,1916.4,3143.8
1.2,0,1622.0,1748.2
0.93,1,1913.8,2904.0
0.4,2,813.0,2420.4
1.33,0,944.8,1730.0
0.8,1,1923.0,2833.4
1.2,1,1732.6,2859.6
1.33,0,867.6,1693.4
1.07,1,1817.0,3135.8
0.13,3,888.2,1714.4
0.93,1,1841.8,2899.2
0.27,1,1282.6,2854.2
1.07,1,1792.6,3106.2
1.33,0,958.6,1709.2
0.27,2,841.4,2241.2
1.2,1,2137.6,2906.2
0.67,1,1985.4,3119.6
0.0,3,987.6,2159.8
0.27,2,1072.0,2937.0
1.33,0,1168.4,1645.4
1.2,1,1824.8,1916.0
1.2,1,1875.8,3133.6
1.47,1,1732.8,1501.4
0.13,3,962.2,2715.8
0.93,1,2238.0,3125.4
0.13,2,1304.8,2779.6
1.47,1,1726.0,1316.0
1.33,0,896.2,1686.4
0.13,3,979.8,2410.2
0.27,2,1061.2,2986.2
1.2,1,1865.4,3132.8
1.33,0,966.4,1707.4
1.47,0,983.0,1735.2
0.8,3,884.6,2332.4
0.4,2,800.8,2238.6
0.13,2,844.6,2411.6
0.67,3,976.0,2474.2
0.67,3,895.4,2436.4
1.33,0,892.6,1691.0
0.4,2,809.8,2252.8
0.8,1,1954.6,2907.4
0.13,2,1230.0,2693.4
0.27,2,1029.0,2761.0
1.2,1,1902.4,3134.0
0.4,0,869.0,1798.6
1.33,0,1476.0,1749.6
1.07,1,1774.8,3137.0
1.33,0,1185.2,1734.6
1.07,1,1888.0,1883.8
1.07,1,1860.2,1913.8
1.2,1,1955.2,1890.6
1.33,1,1729.0,1490.0
0.0,3,1003.0,2087.8
1.07,1,1802.6,3134.8
0.13,2,1254.2,2646.2
0.13,3,957.6,2590.4
1.2,1,1886.0,1876.0
0.13,3,990.0,3113.8
0.13,2,1289.4,2810.2
0.13,3,960.6,2774.2
1.33,0,908.4,1701.0
1.47,1,1709.0,1265.6
1.07,1,1725.2,3110.2
1.33,0,867.6,1694.4
0.27,2,1358.8,2870.8
1.33,0,868.6,1697.0
0.13,3,912.2,1702.0
1.33,0,919.4,1680.0
1.47,1,1709.4,1256.6
0.8,2,1110.2,2790.0
0.4,1,1137.0,3105.0
0.27,2,824.8,2518.2
1.07,1,1892.2,3138.8
1.07,0,1739.0,1643.2
0.4,1,1674.0,2857.6
0.0,3,949.4,2551.4
0.53,0,888.2,1801.6
0.67,1,1927.0,3124.4
0.27,2,876.8,3125.4
1.33,0,1154.2,1735.8
1.47,1,1721.4,1312.0
1.33,0,915.0,1702.2
1.2,1,1918.8,3135.4
0.13,2,1227.8,2711.0
1.33,0,1054.0,1752.8
1.2,0,958.0,1733.2
1.07,1,1749.0,3118.4
0.27,2,912.0,3060.8
0.53,1,1236.2,3111.2
0.27,2,1180.4,2577.6
1.2,1,1895.0,3137.8
1.33,0,1007.4,1741.8
1.07,1,1803.2,3132.8
0.27,2,1180.0,2558.4
0.27,2,1005.6,2745.6
1.07,0,1669.0,1635.0
0.13,3,1343.6,1460.4
1.07,1,1812.0,3135.4
0.0,3,957.0,2557.8
0.13,3,996.0,2272.8
1.33,0,901.8,1776.8
1.33,0,953.6,1729.4
0.0,3,950.0,2491.4
1.07,1,1946.4,1907.2
1.33,1,1718.8,1534.8
0.53,0,879.6,1792.0
1.07,0,2037.0,1762.8
0.27,2,795.6,2242.8
1.47,0,919.2,1708.8
0.27,2,1389.8,2439.6
0.53,2,1356.0,2642.4
0.67,1,1384.0,3075.6
1.2,1,1945.2,1895.8
0.13,2,906.8,3023.0
0.27,2,1072.8,2750.4
1.47,1,1699.6,1218.6
0.27,2,1068.8,2938.4
1.33,0,886.2,1687.6
1.47,0,1168.4,1736.8
1.33,0,1067.0,1660.4
1.33,0,944.2,1713.0
0.93,1,1939.4,2857.8
0.13,3,987.4,2382.4
0.67,3,960.6,2869.2
1.33,0,919.2,1696.4
0.67,3,937.2,2457.2
1.2,1,1725.2,2867.4
1.33,0,1236.6,1738.2
1.33,0,1199.6,1730.8
0.27,2,1383.2,2751.4
0.4,2,1152.4,2591.4
1.33,0,867.0,1704.2
1.2,1,1758.4,3065.2
0.27,3,986.6,2867.8
1.33,0,953.4,1689.8
1.33,0,1235.8,1737.4
0.53,1,1777.0,2853.8
0.27,2,1374.2,2769.8
0.67,3,964.6,2563.8
0.67,3,950.6,2857.6
1.07,1,1910.2,3135.2
0.27,2,1014.2,2745.2
1.2,1,1812.6,2986.6
1.07,1,1753.4,3100.2
0.67,1,1933.0,3055.2
0.0,3,953.6,1638.4
0.8,0,855.2,1839.6
0.13,3,962.4,2755.6
1.33,1,1727.0,1509.6
0.13,2,860.2,2295.8
1.33,0,1239.8,1743.6
1.07,1,1945.6,1876.6
1.33,0,1086.6,1658.6
1.33,0,1171.8,1737.0
1.07,2,1132.6,2768.4
0.67,3,961.2,2729.6
0.8,3,892.8,2326.8
0.53,2,1337.8,2633.4
1.2,0,1731.0,1642.8
1.2,1,1876.2,1894.6
0.67,1,1354.4,3069.4
0.93,1,2197.8,3097.8
0.13,2,1200.6,2823.8
1.33,0,981.4,1732.6
1.07,1,1830.6,3136.0
0.53,1,1003.6,3056.0
0.27,2,1034.0,2705.2
0.53,1,1446.0,3074.2
0.13,2,1194.6,2608.0
1.2,0,870.8,1697.0
0.0,3,912.6,1701.6
1.47,0,1123.8,1749.6
1.33,0,899.4,1703.6
1.2,0,1607.6,1751.6
0.27,2,929.0,2992.6
1.33,0,1423.6,1743.0
1.07,1,1938.4,2908.2
0.13,2,879.2,3118.2
1.33,0,902.0,1709.6
1.07,0,740.2,1727.0
1.07,1,1961.4,1855.6
1.07,1,1789.0,3129.4
0.27,2,1232.8,2686.6
0.4,2,801.2,2311.2
1.47,0,893.6,1697.4
0.0,3,952.8,2475.4
1.07,0,1987.6,1757.2
1.33,0,898.8,1708.8
1.07,1,1937.8,3133.4
0.4,3,968.8,2867.6
0.13,3,896.4,1704.0
0.4,2,1398.0,2464.4
1.47,0,980.8,1739.0
0.13,2,1324.6,2777.0
1.2,1,1897.8,3137.8
0.67,1,1405.0,3069.2
0.0,3,995.0,1543.0
0.13,3,888.0,1709.2
0.27,3,896.0,1708.6
1.07,1,1799.2,3134.2
0.4,1,1165.6,3107.0
0.27,2,883.4,2251.0
0.93,0,510.6,1784.0
0.67,1,2032.8,3123.4
1.07,1,1964.8,1889.8
1.47,1,1718.2,1310.6
1.2,0,993.6,1737.8
0.13,3,964.2,2758.6
0.27,2,805.0,2348.4
1.07,1,1770.4,3136.8
0.27,3,907.2,1713.8
0.0,3,951.6,2376.2
0.13,3,1001.4,2129.2
1.47,1,1717.2,1307.4
1.07,1,1960.8,1869.8
1.33,0,1183.4,1636.0
1.47,1,1729.0,1321.2
1.33,0,1324.0,1737.2
0.13,3,1103.8,1695.8
0.13,3,902.0,1706.0
1.33,0,935.8,1678.8
1.33,0,782.4,1719.8
0.93,1,2196.4,3088.0
1.2,1,1940.6,3122.6
0.27,2,1253.8,2598.6
0.4,2,1150.0,2607.8
1.07,1,1822.0,3130.0
1.2,1,1827.2,3138.4
1.33,0,1197.6,1729.4
0.13,3,958.8,2846.6
0.27,2,851.8,2385.0
1.33,1,1719.2,1539.4
1.07,1,1790.8,3131.0
1.33,0,1097.4,1656.8
0.53,1,1166.6,3099.8
0.13,3,1350.8,1482.2
0.67,3,972.6,2473.6
1.33,0,975.0,1737.0
1.33,0,1015.0,1756.6
1.07,1,1820.0,3135.4
1.33,0,853.2,1696.8
1.07,1,1759.2,3074.8
1.33,1,1733.8,2852.8
0.13,2,1274.8,2477.2
0.67,3,982.8,2573.0
1.2,1,1725.4,2860.4
0.13,3,1347.4,1552.8
0.13,3,978.6,2371.6
0.4,1,1152.0,3109.4
0.27,1,1157.8,3107.0
0.13,2,817.8,2388.0
1.33,0,962.0,1711.4
0.27,3,983.4,3122.0
1.33,1,1721.4,1534.8
0.8,1,1842.8,1781.0
1.2,0,1636.4,1750.4
1.47,1,1705.6,1250.6
1.07,1,1828.6,3136.0
0.67,3,982.4,2571.8
1.07,1,1790.4,3133.2
1.33,0,1062.0,1658.8
0.13,3,885.8,1711.2
1.33,0,945.4,1712.6
0.27,2,929.6,3029.4
0.4,1,1239.8,3113.4
0.8,1,2367.8,3059.8
1.07,1,1820.6,3137.6
0.27,2,986.6,2415.8
1.2,0,1601.8,1743.4
0.53,1,485.2,3104.2
1.33,0,1197.2,1733.6
0.27,2,1016.4,2743.2
0.13,3,896.8,1705.6
1.2,1,1913.0,3138.4
1.33,0,952.8,1679.4
0.93,1,2173.0,3123.0
0.53,1,735.0,3104.0
0.0,3,974.0,2291.0
0.27,2,1013.6,2741.4
0.13,2,1001.0,2752.8
0.27,2,1183.4,2507.4
0.13,2,828.2,2640.6
1.47,1,1768.6,1242.6
1.07,1,1938.8,3122.6
0.13,2,855.0,2300.8
1.33,0,1258.6,1741.8
1.2,1,1939.2,1890.8
1.2,0,953.8,1720.0
1.47,0,901.6,1707.2
0.27,2,840.0,2258.4
1.33,0,1125.6,1652.6
1.33,0,1307.6,1742.6
0.27,3,990.0,2863.0
1.33,0,857.8,1700.6
1.33,0,1236.8,1742.8
1.2,0,867.6,1696.4
0.53,1,600.0,3121.2
0.93,1,2239.2,3122.6
1.33,1,1717.4,1430.4
1.33,0,863.0,1702.6
1.33,0,889.4,1696.6
1.33,0,901.8,1700.6
1.33,0,1392.8,1742.6
0.8,1,1979.0,2918.4
0.13,3,971.6,2422.2
1.07,1,1782.4,3134.4
0.93,2,908.8,2675.0
1.07,0,2728.0,1861.0
1.33,0,1327.2,1734.6
0.13,3,996.0,2259.8
1.33,0,943.4,1728.4
1.2,2,1130.4,2750.2
0.0,3,963.6,2732.0
1.07,1,1832.0,3139.6
1.33,0,1120.0,1748.6
0.27,2,1228.6,2510.2
1.33,0,934.8,1709.0
0.13,2,1217.8,2633.2
0.0,3,1040.8,1448.0
0.27,2,1055.4,3009.8
1.2,1,1869.2,3139.8
1.47,0,860.8,1696.2
1.33,0,946.4,1689.2
0.93,2,1136.2,2411.6
0.13,2,1050.0,2981.4
0.4,1,1710.6,3069.4
1.33,0,1007.6,1815.8
0.13,3,1344.8,1486.6
0.27,2,847.4,2666.4
1.07,2,1135.0,2778.2
1.33,1,1723.4,1569.6
0.27,2,1046.0,3010.4
1.33,0,1069.0,1748.4
0.27,3,991.6,3115.6
1.33,0,1120.4,1745.0
1.2,1,1871.0,3135.6
1.07,1,1945.0,1870.2
1.07,1,1808.0,3132.0
1.07,1,1935.6,2889.8
1.2,0,583.4,1720.2
1.07,1,1727.8,3104.0
1.47,0,1189.2,1636.6
0.27,2,1189.0,2739.8
0.53,2,1359.2,2644.0
1.2,1,1958.0,1881.0
1.33,0,878.8,1695.0
1.2,1,1812.6,3125.6
1.33,1,1723.2,1196.6
0.13,3,978.4,2514.2
0.27,2,912.2,3059.4
0.4,1,1228.0,3111.0
0.13,2,806.4,2355.0
0.0,3,1049.6,1434.8
1.2,1,1857.2,1924.8
1.2,1,1732.0,2860.2
1.07,1,1740.4,3104.2
0.13,2,1184.2,2660.8
0.13,2,1090.0,2435.8
0.27,2,952.6,2967.8
0.13,2,893.2,2831.8
0.0,3,960.6,2756.0
0.67,3,962.2,2440.8
0.27,2,1098.8,2644.2
1.2,1,1910.4,3136.2
1.33,0,872.8,1704.0
1.07,1,1827.6,3138.4
1.07,1,1808.4,3135.4
1.33,0,977.0,1737.2
1.2,1,1958.0,1882.8
0.13,3,960.0,2876.6
0.4,1,1113.4,3102.6
1.33,0,977.6,1731.2
0.93,1,1873.0,1800.2
0.13,3,1348.6,1545.2
0.13,2,1042.0,2865.0
0.53,2,1400.4,2637.0
0.27,2,1198.6,2745.2
0.27,2,923.8,2984.2
1.33,0,935.8,1681.2
0.27,2,809.8,2412.4
0.27,2,827.6,2644.4
1.07,0,850.8,1860.2
1.07,1,1833.0,3137.2
0.13,3,910.2,1706.8
1.33,0,859.2,1700.0
1.47,0,962.8,1715.2
1.2,1,1949.4,2903.6
0.0,3,985.2,3122.0
1.07,1,2357.0,2925.8
0.0,3,974.8,2269.8
0.27,2,891.4,3123.2
1.47,1,1713.0,1462.2
0.67,3,981.6,2505.2
0.27,2,993.2,2459.6
0.13,3,1040.8,1449.2
0.13,2,1203.4,2570.2
1.47,0,878.8,1691.2
0.27,2,1072.8,2913.8
0.0,3,917.6,1699.0
0.27,2,1373.2,2771.2
1.2,0,1624.2,1750.6
1.33,0,937.2,1672.6
0.93,1,2235.0,3131.4
0.27,2,1020.6,2709.2
0.13,3,1076.2,1466.4
1.33,0,919.6,1686.8
1.2,0,1623.6,1751.0
0.8,2,1104.8,2799.0
0.4,2,1289.6,2589.6
1.07,1,1788.8,3121.8
0.13,3,1348.4,1519.6
1.07,1,1829.4,3135.2
0.27,2,1166.6,2620.0
0.13,2,1212.8,2710.8
1.33,0,1536.8,1752.2
1.47,1,1718.4,1207.4
1.33,0,1123.4,1752.8
0.13,2,1333.0,2724.6
0.27,2,1069.4,2942.2
1.2,1,1792.2,1908.2
0.27,2,892.0,3120.4
0.67,3,960.4,2834.8
0.13,2,824.4,2578.4
0.67,1,1964.6,3118.4
1.2,0,1369.6,1732.4
1.07,1,1937.4,2866.4
0.13,3,885.8,1708.4
0.13,2,818.6,2368.8
1.07,1,2686.2,2930.0
0.13,3,994.2,2288.2
1.07,1,1791.4,3131.8
0.0,3,961.2,2823.4
1.33,0,924.2,1739.6
0.4,1,955.6,3060.2
1.2,1,1962.0,1853.0
0.27,2,1303.2,2792.0
1.47,1,1715.4,1457.6
0.67,3,957.2,2856.4
0.13,3,890.4,1705.6
0.27,2,1183.4,2692.4
0.27,2,947.2,3020.6
1.47,0,1191.0,1743.0
1.47,1,1704.0,1246.8
0.27,2,1057.4,3001.2
1.07,1,2549.6,2893.4
0.13,2,1031.8,2715.6
0.93,1,1901.2,3136.2
1.47,1,1710.8,1273.6
0.67,2,1329.4,2632.0
1.33,0,948.4,1719.2
0.13,2,863.0,2178.2
0.0,3,926.4,1713.2
1.33,0,880.0,1702.8
0.93,0,410.4,1774.6
0.13,3,886.6,1715.8
0.27,2,1223.0,2738.4
1.07,1,1962.4,1938.2
1.33,0,940.2,1707.6
1.2,0,1506.0,1752.8
1.07,1,1944.8,2888.4
0.27,2,1361.0,2830.8
1.07,1,1829.0,3136.4
0.27,2,1175.4,2715.6
0.0,3,979.4,2410.8
1.07,0,2062.2,1755.8
1.33,0,923.2,1687.6
1.07,2,1129.4,2731.2
0.13,3,894.8,1711.6
1.07,1,1757.2,3082.0
0.13,2,1201.2,2659.8
0.13,3,979.0,2385.0
0.53,1,1175.8,3108.2
1.2,0,1583.4,1738.6
0.13,2,1261.2,2817.8
1.07,1,1832.8,3134.2
1.07,1,1809.6,3129.6
0.0,3,960.2,2215.4
1.33,0,1181.6,1635.6
0.13,2,1374.0,2766.4
0.0,3,923.4,1713.2
0.13,2,1198.4,2744.4
1.33,0,894.6,1689.4
0.0,3,989.6,1714.6
1.2,0,1584.4,1738.6
1.33,0,867.0,1700.0
1.47,0,1174.8,1646.2
0.27,2,1338.4,2567.6
0.27,2,812.2,2333.4
1.07,1,1752.8,3109.4
0.27,2,1068.2,2966.6
1.33,0,1142.2,1746.0
0.67,1,1768.6,3134.4
1.2,0,1544.0,1742.0
0.27,2,920.0,2988.0
1.2,0,1591.6,1747.8
0.27,2,893.4,2979.2
0.8,2,1107.8,2516.2
1.33,0,1076.4,1658.2
1.07,1,1912.4,3139.0
0.27,2,1007.2,2746.0
0.27,1,1179.6,3104.0
1.07,1,1832.0,3137.8
0.13,2,1171.8,2739.6
1.2,1,1823.0,3136.6
0.27,1,1560.8,2860.2
1.33,0,929.2,1707.6
0.27,2,828.6,2461.6
0.13,3,972.2,2320.4
1.33,0,990.6,1730.0
0.13,3,964.0,2808.2
0.0,3,952.2,2640.8
1.2,1,1933.0,1889.6
0.13,3,1003.2,2113.8
0.67,3,907.8,2564.8
0.27,2,1070.6,2946.6
0.0,3,961.6,2798.6
1.33,0,868.8,1698.2
0.27,1,1126.2,3072.8
1.33,0,978.0,1730.0
1.33,0,955.4,1737.4
1.07,1,1936.8,3136.6
1.2,1,1831.4,1915.4
0.27,2,1148.6,2626.2
1.33,0,937.2,1713.4
0.13,3,1349.2,1496.4
0.93,1,1982.0,3125.6
0.8,1,2154.0,3123.4
1.2,1,1735.6,2850.2
1.47,0,859.6,1703.4
1.33,0,1143.8,1734.4
0.13,3,974.4,2349.4
1.33,0,1264.4,1749.6
1.33,0,1129.8,1641.4
1.33,0,981.0,1826.8
1.2,1,1794.4,3130.6
0.27,2,818.6,2360.6
1.47,0,938.0,1679.4
1.33,0,863.6,1693.8
0.13,3,958.2,2529.0
1.07,1,1956.6,1920.8
1.2,0,1623.4,1748.6
1.07,1,1773.8,3137.4
1.07,1,1741.6,2885.6
1.07,1,1816.8,1917.6
0.93,1,1971.0,2924.2
1.47,1,1869.8,1314.6
0.27,2,845.8,2614.4
1.33,0,838.8,1698.0
1.33,0,1172.6,1738.2
1.2,0,1615.0,1753.4
1.33,0,925.4,1708.0
0.13,3,1045.4,1444.0
1.6,1,1709.0,1268.6
0.13,2,850.0,2369.2
0.27,2,994.2,2467.2
1.47,1,1703.0,1206.8
0.4,2,1100.0,2555.4
1.33,0,1333.2,1740.4
1.2,1,1826.6,3135.6
0.4,2,1403.8,2637.0
0.27,2,1175.0,2682.8
0.0,3,989.4,2184.4
0.53,2,1383.4,2679.0
0.27,2,1284.0,2572.0
1.33,0,1413.8,1742.0
0.13,2,1211.2,2591.2
1.2,1,1869.6,3136.4
0.27,2,1267.8,2670.8
0.53,1,856.0,3087.6
0.53,1,1231.4,3105.6
1.07,1,1768.0,3137.6
0.13,2,870.8,2170.6
0.67,3,901.4,2473.6
0.0,3,961.6,2082.0
0.53,1,931.2,3069.0
1.07,1,1790.6,3130.0
0.53,1,2168.0,3060.0
0.27,2,958.2,2428.0
1.47,0,993.8,1745.8
0.0,3,1035.6,1472.2
1.07,1,1898.2,3136.0
1.33,0,938.2,1707.2
1.07,0,2077.2,1744.2
1.07,1,2018.8,3097.2
1.33,0,903.2,1701.8
0.53,1,547.2,3137.0
1.07,2,1113.8,2739.6
1.07,0,2731.4,1849.8
1.33,0,945.4,1714.4
1.47,1,1733.4,1383.0
0.13,3,1351.6,1486.0
0.13,3,984.8,2377.8
1.2,1,1895.0,3134.2
1.33,0,1035.6,1758.4
0.27,2,1227.4,2820.6
1.2,1,1815.4,1919.4
0.0,3,1051.8,1449.4
0.67,1,2060.4,3127.4
0.0,3,960.4,2046.0
0.0,3,976.4,1725.6
1.33,0,955.4,1720.2
1.33,1,1726.8,1314.6
1.2,1,1830.4,3140.0
0.13,3,985.0,2378.2
0.13,2,827.2,2526.4
0.8,3,964.8,2861.4
0.27,2,1255.4,2628.4
0.27,2,1011.2,2737.0
1.33,0,865.6,1693.6
1.47,1,1709.2,1286.4
0.27,2,1173.4,2740.4
0.13,2,1304.6,2779.0
0.27,2,1228.2,2531.4
0.27,2,810.2,2344.8
1.07,1,1790.6,3131.6
1.33,0,964.6,1713.2
0.67,3,960.2,2873.0
0.67,3,960.6,2541.8
1.33,0,903.6,1697.2
1.47,1,1714.0,1205.0
0.13,3,962.4,2685.8
1.2,1,1726.6,3116.8
0.93,1,2702.8,2883.8
0.13,2,1213.4,2641.4
1.07,1,1944.6,2902.2
0.8,1,1950.2,3121.6
0.0,3,987.8,3118.6
1.33,0,929.2,1709.0
1.2,2,1118.2,2727.2
0.67,3,955.6,2855.8
0.13,2,1263.2,2637.0
1.47,0,1051.8,1652.2
0.27,2,1055.2,2983.2
0.13,3,982.0,2326.4
0.27,2,1031.4,2713.4
1.2,1,1943.6,1870.6
1.2,0,1601.4,1743.8
0.13,3,907.0,1714.8
0.13,2,1253.4,2616.2
1.33,0,931.8,1708.2
1.33,0,1093.6,1658.2
1.07,1,1912.6,3136.6
1.47,1,1713.6,1468.8
1.2,1,1721.0,1573.2
1.07,1,1949.4,2899.6
1.07,1,1869.2,3135.4
1.2,1,1725.4,1601.4
0.8,1,1911.0,2827.8
0.13,3,893.8,1704.4
1.07,1,1792.0,1913.2
0.13,3,999.2,2211.8
1.33,0,951.6,1731.8
1.33,0,984.8,1741.2
1.33,0,946.6,1728.4
1.2,0,1642.2,1746.6
0.13,3,990.2,2384.0
0.0,3,958.8,2394.2
0.13,2,986.8,2636.6
1.07,1,1844.2,3134.2
1.07,0,2019.0,1767.0
1.33,0,1045.0,1656.8
1.07,0,1967.0,1748.2
0.27,2,1072.8,2930.0
1.33,0,1011.8,1756.4
1.07,1,1747.2,3099.6
0.0,3,989.2,3120.2
1.33,0,952.6,1706.6
1.33,0,944.2,1713.6
1.47,0,1214.2,1742.8
1.2,1,1848.8,3136.0
0.13,3,978.8,2430.2
1.33,0,891.0,1686.2
1.2,1,1936.0,3132.8
1.33,1,1725.8,1420.0
1.33,0,889.2,1699.2
1.2,1,1732.4,2851.6
0.27,2,1228.4,2783.0
1.47,0,1111.6,1651.8
0.13,3,893.2,1705.2
0.93,1,2146.4,3124.2
0.53,1,557.6,3111.2
0.13,2,1240.8,2547.8
0.27,2,1172.0,2696.2
0.27,2,847.2,2379.8
1.07,1,1921.4,3134.2
0.67,3,921.0,2411.2
0.67,1,492.2,3112.6
0.13,3,921.8,1697.2
0.93,1,2231.8,3131.0
0.13,2,861.6,2189.0
0.93,0,2698.2,2027.4
0.13,3,968.4,2429.4
0.13,2,974.2,2722.2
1.07,1,1813.6,3136.2
1.33,0,941.6,1711.6
1.33,0,1182.4,1637.2
0.67,1,1930.2,3125.4
1.07,1,1795.2,3136.0
0.13,3,907.4,1712.0
1.33,0,968.0,1714.2
1.33,0,1123.6,1646.6
1.2,0,1361.2,1733.2
0.13,3,887.6,1708.6
1.07,1,1879.2,3137.2
1.33,0,927.0,1683.2
1.33,0,926.2,1707.4
1.2,1,1960.2,1852.0
0.27,2,859.6,2181.0
1.33,0,1143.4,1643.4
1.47,0,1173.4,1741.6
1.07,1,1753.2,3097.6
1.33,1,1734.4,1394.0
0.0,3,950.0,2438.6
0.8,1,2234.8,3127.0
0.0,3,959.2,2082.6
1.47,0,854.8,1693.8
1.47,0,919.0,1791.8
1.33,0,923.0,1688.0
1.07,1,1826.0,3138.4
1.33,0,874.6,1690.8
1.33,0,865.0,1704.4
0.67,3,976.0,2513.8
1.47,0,837.2,1700.4
0.13,2,1002.2,2764.4
0.13,2,1255.2,2609.0
1.07,1,1931.4,2891.2
1.33,0,1406.0,1742.0
1.33,0,861.8,1689.8
0.27,2,1360.2,2876.6
0.0,3,998.4,1719.4
0.13,3,985.0,2382.6
1.2,0,875.0,1691.4
1.2,0,1634.0,1753.0
0.13,2,1246.8,2637.4
1.07,0,2082.0,1736.2
0.13,2,987.4,2741.6
1.07,1,1812.2,3138.6
1.2,0,1624.8,1751.2
0.0,3,945.8,2749.2
1.2,0,1905.8,1719.2
1.33,0,1018.6,1676.2
0.4,1,1122.6,3106.6
1.07,1,1811.2,3135.2
0.27,3,998.6,2895.4
0.13,2,819.4,2352.2
1.07,1,1817.0,3137.6
1.07,0,2010.4,1764.2
1.33,0,1182.8,1634.8
1.07,1,1787.6,3130.0
1.33,0,872.0,1695.8
1.2,1,1936.2,2882.6
1.33,1,1725.8,1570.8
1.07,1,1937.8,2923.6
1.07,1,1915.4,3141.4
0.93,2,1136.2,2439.8
1.33,0,1008.2,1750.8
1.33,0,859.6,1709.0
1.2,0,1777.0,1657.8
1.2,0,1644.2,1749.0
0.13,3,912.0,1703.8
1.2,1,1960.6,1854.2
0.27,2,1000.0,2727.6
1.33,0,1182.2,1635.8
1.2,1,1956.2,1872.8
0.27,2,1021.6,2682.2
1.33,0,994.6,1729.2
0.0,3,943.4,2587.8
1.33,0,945.8,1713.2
0.8,1,2080.8,3126.8
0.13,2,847.8,2397.2
1.2,1,1813.4,1904.4
0.27,2,974.4,2716.4
1.2,1,1725.0,2851.4
0.13,2,1004.0,2697.2
1.07,1,1828.8,3135.8
1.2,1,1939.2,3136.2
1.2,1,1731.2,2843.4
0.27,2,1181.8,2586.4
0.8,1,1940.0,3125.4
1.47,0,928.2,1705.8
0.13,2,1092.0,2477.0
0.0,3,959.2,2258.4
0.67,1,1881.4,2841.4
1.2,1,1760.6,2858.6
1.2,1,1851.2,2865.8
0.0,3,957.0,2237.6
0.27,2,1067.2,2978.8
1.33,0,1140.4,1746.4
0.0,3,928.6,1722.0
0.27,2,825.8,2646.2
0.27,2,1020.4,2729.6
1.07,1,1726.4,3111.2
0.53,1,1439.6,3072.8
1.33,0,875.4,1749.8
0.27,1,1499.2,2861.6
1.33,0,1192.6,1739.8
0.13,3,1038.4,1692.6
0.13,2,1089.0,2425.8
0.27,2,856.2,2212.4
0.53,2,1150.0,2567.2
0.13,2,818.2,2539.6
0.27,2,940.2,3024.2
0.13,3,892.8,1711.0
0.13,3,985.2,2387.4
0.0,3,1127.2,1675.2
0.13,2,1038.2,2602.0
1.2,0,1137.6,1644.2
1.2,0,1127.2,1749.4
0.13,2,989.0,2615.6
1.33,0,1191.0,1640.0
1.07,1,1816.0,2978.8
1.2,1,1733.8,2867.4
1.33,0,1025.4,1757.8
0.13,3,960.0,2759.0
1.07,1,1964.6,1899.0
0.8,1,2036.4,3121.8
1.07,1,1961.0,1875.6
1.33,0,1001.0,1739.6
0.13,3,959.0,2492.4
1.33,0,1171.2,1643.2
0.0,3,1006.2,2260.2
1.07,1,1896.4,3137.4
0.4,1,1133.4,3107.2
0.13,2,1098.6,2586.4
1.2,0,1712.2,1642.8
1.2,1,1722.2,1563.8
0.53,1,1280.0,3100.8
1.2,1,1963.4,1875.0
0.27,2,985.2,2437.8
1.07,0,2038.4,1761.8
0.67,1,1727.4,3119.2
1.2,1,1958.6,1935.0
1.33,0,1060.6,1659.2
0.93,1,2137.4,3036.4
0.27,2,918.4,3002.8
1.07,1,1914.8,1881.0
1.47,0,1150.8,1740.4
0.0,3,987.0,2374.0
0.27,2,900.6,3011.2
1.07,1,1751.6,3095.0
0.67,1,1703.2,3066.6
1.33,0,985.8,1732.8
1.33,0,951.0,1704.8
1.33,0,1469.8,1747.6
0.13,2,984.2,2732.0
0.27,3,973.4,2870.0
1.07,1,1759.2,3070.6
0.67,1,1244.2,3073.8
0.27,2,994.0,2555.2
1.47,1,1737.2,1340.4
1.33,0,1091.0,1659.0
0.67,1,1987.4,3122.4
0.0,3,969.2,2384.6
1.07,1,1958.4,1864.0
0.4,2,1399.8,2636.2
1.33,0,1177.8,1645.4
0.27,2,955.2,2853.2
0.93,1,2201.2,3104.4
1.33,0,1130.6,1744.0
1.33,1,1723.6,1522.2
1.07,1,1952.6,1869.0
0.4,1,1164.2,3110.2
1.2,1,1729.8,2842.4
0.27,2,1312.2,2776.6
1.33,0,922.6,1683.8
0.27,3,895.8,1707.4
0.0,3,1051.0,1458.6
0.53,1,1232.4,3112.2
1.07,1,1813.8,2986.4
0.27,2,1356.6,2933.6
1.2,1,1894.8,3138.2
0.13,3,900.6,1704.6
0.13,3,957.2,2717.6
0.27,2,1021.0,2714.8
1.2,1,1948.8,1906.0
1.2,1,1962.2,1858.2
0.93,0,861.2,1838.2
0.13,2,826.0,2597.4
1.07,1,1814.6,3136.0
0.13,3,897.2,1704.0
0.27,2,930.6,3026.2
0.4,2,903.2,2635.6
0.53,1,1245.4,3111.6
0.67,3,964.2,2317.2
0.27,2,1219.4,2761.8
0.13,2,824.2,2636.4
1.2,0,883.6,1696.0
0.8,1,1166.2,3078.8
1.33,1,1718.4,1539.4
0.53,1,1266.4,3072.6
0.67,1,1920.8,3126.4
1.47,1,1699.2,1224.6
1.33,0,919.4,1683.2
1.07,0,2047.0,1768.6
0.13,2,1279.4,2698.4
1.07,1,1898.0,3134.2
0.13,2,865.6,2398.8
0.67,3,951.2,2859.2
1.47,1,1713.8,1278.0
1.2,1,1799.0,2858.6
0.53,1,1186.6,3087.2
0.27,2,1175.4,2698.8
1.33,0,1066.6,1653.6
0.13,2,839.0,2334.4
1.47,0,930.4,1674.4
0.13,2,907.0,2699.8
1.33,1,1718.0,1550.6
1.2,0,1474.0,1757.4
0.53,2,1102.8,2370.8
1.07,1,1829.6,3137.4
0.67,1,1746.4,1669.2
1.33,0,1013.6,1758.8
0.13,3,907.6,1708.8
1.33,0,1193.0,1639.4
1.2,1,1770.8,2856.4
1.33,0,998.6,1679.4
1.07,1,1862.0,3131.8
0.13,3,889.0,1712.4
0.13,2,827.2,2507.4
1.33,0,873.6,1688.2
1.33,0,857.0,1694.6
0.27,2,1034.0,2709.8
0.13,3,1345.8,1484.6
0.67,1,844.2,3113.6
1.33,0,1136.2,1640.2
0.13,2,1050.0,2762.8
0.93,2,1112.6,2762.0
0.27,2,1003.6,2746.4
0.13,3,890.6,1709.2
0.93,1,2099.6,3125.0
0.27,2,1395.0,2458.0
1.33,0,902.8,1699.6
1.47,0,1165.4,1639.2
0.67,3,959.2,2877.0
1.33,0,918.0,1699.8
1.33,0,1023.2,1756.8
1.33,0,883.2,1697.6
0.13,2,867.6,3128.4
0.13,3,977.8,2522.0
1.47,0,1370.6,1735.4
1.2,1,1793.2,1912.4
0.13,2,1215.0,2652.6
0.13,2,866.4,3130.2
1.33,0,856.8,1692.6
0.27,2,1070.0,2940.0
1.2,1,1951.2,3117.8
0.0,3,956.6,2724.6
0.53,1,951.6,3071.8
0.53,1,1824.6,3058.4
0.53,2,1394.0,2845.2
0.27,2,1225.8,2700.0
1.33,0,1121.2,1748.6
1.33,0,1194.0,1637.8
0.13,2,1277.4,2619.2
0.4,1,1073.4,3107.0
1.47,1,1714.2,1275.0
1.33,0,1016.4,1753.8
1.07,1,1813.8,3138.2
1.33,0,952.2,1688.4
1.2,0,1496.2,1751.0
1.07,1,1755.8,3079.2
1.33,0,934.0,1667.4
0.13,3,1261.0,1590.2
1.2,0,969.4,1708.4
1.33,1,1718.2,1539.4
0.27,2,836.2,2384.6
1.33,0,917.2,1686.0
1.33,0,1292.4,1742.8
1.33,0,903.4,1696.4
1.2,0,388.2,1751.2
0.4,2,903.8,2413.8
1.07,1,1760.2,3108.8
0.27,2,1257.8,2803.6
1.33,0,849.0,1700.4
0.27,2,916.8,2996.2
1.2,0,1525.8,1751.2
1.07,1,1825.6,1916.2
1.47,1,1709.0,1200.6
1.07,1,1823.8,1899.4
1.07,1,1960.4,1858.4
0.27,2,864.6,2408.8
1.07,1,1962.0,1849.6
1.33,0,968.0,1708.4
1.33,0,859.2,1701.6
0.53,2,1323.6,2636.6
1.33,0,877.0,1700.6
1.07,1,1845.6,1923.6
0.27,2,937.6,3024.8
0.27,2,898.6,3002.6
0.13,3,892.2,1710.8
0.53,1,713.0,3113.8
1.2,1,1826.0,3138.0
0.67,3,983.0,2527.4
1.33,0,932.6,1667.8
1.33,0,931.2,1679.2
0.93,1,1942.2,2856.8
0.13,2,1228.2,2510.0
1.47,0,860.0,1706.6
1.07,1,1827.2,3130.8
0.27,2,867.8,2775.2
1.33,0,881.0,1700.0
1.33,0,907.6,1697.8
0.13,3,996.2,2279.8
1.47,0,931.0,1681.4
0.0,3,950.6,2691.6
0.27,3,993.2,3105.2
1.07,1,1900.2,1875.8
1.2,1,1730.2,2854.2
0.27,2,1184.8,2515.8
0.4,2,1394.8,2709.4
1.33,0,891.6,1693.0
1.33,0,978.0,1732.4
1.33,0,1149.4,1744.2
1.33,0,1020.6,1763.2
0.93,1,1955.0,3134.6
0.27,2,1199.2,2630.0
1.07,1,1798.2,3090.2
1.33,1,1715.4,1474.0
1.33,0,1100.8,1661.0
0.93,1,1901.0,1823.8
0.27,2,953.4,2739.0
0.53,1,1229.4,3100.4
0.67,0,874.6,1818.4
1.07,1,1805.6,3137.6
1.07,1,1963.4,1879.8
1.33,0,923.8,1709.6
0.27,2,1254.2,2603.0
0.13,3,906.0,1710.8
0.13,3,963.2,2717.8
0.27,2,839.8,2355.8
1.33,1,1720.8,1535.0
0.8,1,1810.8,1755.8
1.2,1,1947.2,1906.2
1.33,0,952.0,1687.8
0.27,2,1095.8,2684.2
0.27,2,842.6,2256.6
1.33,1,1731.8,1494.2
1.33,0,847.6,1700.2
1.33,0,917.0,1683.0
0.0,3,960.8,2830.8
1.07,1,1929.0,1888.8
0.67,3,980.0,2540.2
0.67,1,1098.6,3114.6
0.53,2,1367.6,2665.2
0.27,3,996.0,2860.4
0.0,3,1042.0,1449.0
0.13,2,1338.8,2590.0
0.27,2,1231.8,2629.4
1.47,1,1710.4,1296.8
0.27,2,950.2,3008.0
1.07,1,1939.8,3135.4
1.2,1,1895.2,1870.6
1.33,1,1736.6,1495.4
0.93,1,2073.8,3097.8
1.07,1,1792.2,3130.0
1.2,1,1735.8,2876.8
1.33,0,952.0,1723.0
0.67,3,919.8,2440.2
1.33,0,1523.4,1747.6
1.07,1,1945.8,1881.0
0.67,3,962.2,2860.0
1.07,1,1966.2,3135.4
0.0,3,960.2,2824.8
0.13,2,1328.2,2853.4
1.2,1,1963.2,1856.6
0.13,3,1001.2,2126.0
0.27,2,811.6,2419.6
1.07,1,1828.2,3137.6
1.2,1,1731.4,2848.4
0.13,2,819.8,2344.2
0.27,2,1227.0,2504.4
0.13,3,1007.4,2044.6
0.27,2,864.8,2197.6
1.07,1,1965.2,1854.6
0.4,2,811.0,2404.8
1.33,0,1166.8,1641.2
1.2,1,1961.6,1877.8
0.53,1,1580.4,3065.8
1.33,0,1158.6,1740.2
0.13,2,1230.6,2643.0
1.07,1,1777.4,3137.2
0.13,2,873.0,2152.6
1.2,0,1474.6,1752.4
1.07,1,1896.8,3138.6
0.27,2,1372.4,2767.0
0.53,2,1098.0,2397.4
0.67,1,617.0,3112.2
1.07,1,1931.8,3135.2
1.33,0,1142.6,1646.2
0.27,2,876.4,3125.6
0.0,3,960.6,2832.8
1.6,1,1698.4,1212.2
1.07,0,1679.6,1639.4
1.07,1,2646.2,2872.6
0.13,3,907.8,1707.6
0.27,2,1304.0,2828.0
0.27,2,1224.8,2616.0
0.0,3,947.2,1726.8
0.0,3,977.0,1715.2
0.0,3,955.2,2326.0
1.33,0,923.8,1707.8
1.33,0,1007.8,1749.4
0.67,3,983.0,2517.8
0.67,3,975.8,2453.8
0.13,3,955.4,1726.4
0.4,2,805.4,2361.6
1.33,0,1229.2,1743.8
0.13,2,1252.6,2669.4
0.0,3,1057.4,1712.0
1.07,1,2052.4,3072.8
1.2,1,1878.8,3137.6
1.33,0,1003.8,1744.8
0.8,1,1932.8,2848.6
1.2,0,1285.8,1748.8
1.33,0,889.0,1693.0
1.33,0,1007.0,1806.8
0.13,3,907.4,1715.4
1.33,0,960.2,1708.0
0.53,1,547.4,3113.0
1.07,1,1813.0,3125.8
1.33,1,1722.8,1534.8
1.2,0,1544.8,1748.2
1.33,0,884.4,1764.4
1.07,1,1956.2,1848.0
0.13,3,1004.2,2112.8
1.47,0,923.4,1708.0
1.33,0,884.2,1692.6
1.33,0,949.6,1688.2
1.47,0,1018.6,1674.4
1.07,1,1831.2,3137.6
1.33,1,2287.6,1552.0
0.13,2,1064.6,2990.0
0.27,2,920.8,2992.0
1.33,0,1033.2,1760.2
1.33,0,1165.6,1731.6
1.33,0,958.8,1713.0
0.67,1,1022.8,3077.8
0.13,2,1008.0,2754.0
0.13,2,1275.8,2540.6
1.2,0,954.0,1719.8
0.13,2,1177.6,2651.0
1.07,1,1794.4,1907.4
0.27,2,1179.0,2535.4
0.27,2,909.8,3025.4
0.93,1,2233.8,3116.8
1.07,1,1932.8,2882.0
0.13,3,936.6,1701.2
0.27,2,1238.6,2618.6
1.47,1,1723.4,1489.4
1.33,0,938.2,1737.8
1.2,0,1469.2,1748.8
0.13,3,981.4,2395.4
1.33,0,1179.6,1634.4
0.27,2,1396.6,2467.6
1.07,1,1811.2,3135.6
1.33,0,994.2,1748.6
1.07,1,1946.0,3121.4
0.27,2,1393.0,2450.6
1.33,0,1189.2,1739.4
1.33,0,901.8,1700.2
0.13,3,895.0,1706.0
0.53,1,451.8,3102.8
0.13,2,985.4,2743.6
0.13,2,1256.0,2624.8
0.8,3,972.4,2552.6
0.13,2,1175.0,2562.0
0.4,2,1370.6,2662.0
1.47,1,2009.6,1369.6
1.07,1,1930.8,2888.2
0.53,1,509.4,3114.2
1.33,0,941.6,1710.8
0.27,2,1046.2,2984.4
1.33,0,941.4,1713.0
1.33,0,1100.0,1660.2
0.67,3,964.2,2381.6
1.33,0,1291.2,1739.4
0.93,1,2163.8,3028.2
1.33,0,876.6,1705.0
0.27,2,1266.8,2551.2
0.67,3,958.6,2863.8
0.53,2,1106.8,2812.2
0.27,2,890.8,3120.0
1.33,0,877.2,1696.2
1.33,0,914.0,1707.0
1.33,0,1231.0,1737.2
0.27,2,878.4,3125.4
1.47,1,1705.8,1202.2
0.53,2,810.4,2282.6
0.13,2,1198.6,2808.2
0.0,3,988.0,3119.6
1.33,0,962.8,1713.6
0.13,3,888.4,1708.8
0.13,3,968.6,2432.4
1.47,1,1735.2,1368.8
0.27,2,869.0,3131.4
0.67,1,617.4,3053.6
1.07,1,1957.4,2823.6
1.33,0,1004.4,1745.6
1.33,0,1300.6,1741.6
1.6,1,1713.0,1204.0
1.33,0,1177.2,1646.6
0.4,3,968.8,2872.0
1.07,1,1820.4,3126.8
0.13,2,1274.6,2517.2
0.67,1,734.2,3093.0
1.33,0,899.4,1703.4
1.33,1,1725.0,1511.8
1.33,0,1488.2,1762.0
1.07,1,1851.0,3135.8
0.13,2,1254.2,2615.8
0.53,2,1388.8,2772.4
1.33,0,934.2,1682.6
1.33,0,888.0,1695.4
1.47,1,1737.2,1364.4
0.27,1,1416.8,2857.4
1.07,1,1944.8,2880.4
0.13,2,1204.0,2536.2
0.13,3,969.4,2515.4
1.33,0,1175.8,1737.6
0.27,2,1267.4,2587.6
1.07,1,1867.0,3137.2
0.13,3,1342.8,1466.6
0.67,3,980.0,2556.0
0.27,2,1204.6,2571.6
1.33,0,1384.2,1743.6
1.33,0,932.4,1705.8
1.33,0,946.0,1683.0
0.4,2,1013.2,2736.4
1.33,0,924.2,1683.4
0.53,2,1395.8,2905.4
0.13,3,976.6,2534.2
1.2,0,1496.0,1750.2
0.13,3,884.2,1713.8
1.2,0,894.0,1687.8
0.13,2,1217.6,2646.8
0.27,2,1035.2,2723.0
1.33,0,946.0,1739.6
0.27,2,1074.4,2754.2
0.13,3,889.8,1713.6
0.53,2,1385.2,2729.0
0.53,2,802.6,2248.8
0.13,3,977.4,2480.6
1.07,1,1938.0,1891.4
0.27,2,967.0,2435.6
0.27,2,1031.8,2710.8
1.33,0,885.6,1686.4
0.13,2,974.8,2734.8
0.27,2,1387.8,2461.0
1.2,0,905.4,1702.4
0.13,3,888.6,1710.0
0.53,1,1414.4,3067.2
0.0,3,958.0,2248.4
0.67,3,986.2,2563.6
1.2,1,1887.0,3137.8
0.27,2,983.2,2419.4
1.33,0,996.4,1679.6
0.67,1,1422.0,3066.6
0.27,2,890.0,3120.4
0.27,2,944.6,3023.6
0.67,1,1041.6,3114.6
0.13,3,966.2,2565.4
1.2,1,2285.6,2920.6
0.0,3,956.6,2197.0
1.33,0,916.6,1709.0
0.53,1,642.4,3104.4
0.27,2,1204.8,2549.6
1.07,1,1809.0,3126.4
1.07,1,2039.0,3071.8
1.33,0,1324.0,1737.8
0.53,2,900.0,2338.2
1.33,0,844.4,1701.0
0.93,1,2205.8,3110.6
0.27,2,1161.0,2592.2
0.13,2,1001.4,2669.0
0.27,2,1337.0,2591.8
1.2,1,1736.8,2849.0
0.27,2,1354.6,2886.2
1.2,1,1920.4,3138.4
0.27,2,1050.4,3030.8
1.07,1,1937.0,3136.2
0.27,2,1036.8,2941.8
1.07,1,2080.2,3091.6
0.27,2,859.8,2171.4
1.2,1,1735.4,2865.4
1.07,1,1832.0,1915.6
1.47,1,1707.4,1287.8
1.47,1,1718.8,1477.4
1.33,0,942.8,1714.0
0.13,3,994.8,2279.4
0.13,3,959.6,2441.2
1.33,0,1098.0,1655.4
0.13,2,1187.4,2511.4
0.13,3,962.0,2758.2
0.13,2,1048.4,2980.8
0.13,2,1240.0,2564.2
0.53,1,620.6,3105.6
1.2,2,1124.8,2665.8
1.07,1,1830.8,3138.0
0.27,2,1021.4,2705.8
0.93,0,740.2,1808.4
0.4,2,1111.8,2479.8
0.67,3,994.2,2547.2
0.53,1,1224.0,3111.2
0.13,3,982.6,2338.4
0.27,2,1277.6,2417.8
1.07,1,1817.0,3130.0
1.33,0,899.4,1697.8
0.27,2,1100.6,2634.6
0.67,3,985.8,2578.0
1.33,0,924.2,1681.6
1.2,1,1827.6,3136.4
1.07,1,1821.6,3138.4
0.0,3,974.8,2281.6
1.33,0,942.8,1711.0
0.27,2,1215.6,2742.6
1.07,1,1935.8,2922.4
0.67,3,993.6,2552.2
1.07,1,1801.2,3133.8
1.2,1,1799.8,1907.6
0.13,2,1275.2,2620.8
1.2,1,1728.0,2852.4
0.27,2,1265.2,2557.2
1.47,0,970.2,1689.0
1.07,1,1956.6,2910.0
0.13,3,957.4,2306.4
1.33,0,860.6,1692.8
0.13,3,959.4,2866.2
0.27,2,844.4,2538.6
1.33,0,947.4,1713.8
1.33,0,981.6,1745.6
0.53,1,1261.8,3054.6
1.07,1,1766.8,3070.8
0.67,3,990.2,2650.8
1.33,0,1190.4,1641.2
0.4,2,1394.6,2828.8
1.33,0,1003.2,1741.8
0.13,2,1336.0,2540.4
0.4,2,807.8,2321.0
1.33,0,936.0,1664.8
1.33,0,1123.6,1654.8
1.07,1,1812.8,3135.8
1.33,0,867.0,1689.0
1.33,0,1423.8,1741.8
0.8,1,1833.0,3052.4
1.2,0,943.6,1736.4
0.67,3,978.8,2509.0
1.33,0,1115.6,1653.0
0.53,1,1275.0,3078.8
1.33,0,934.0,1708.4
0.13,3,895.8,1706.8
0.13,2,1301.8,2816.0
1.2,1,1833.0,3137.2
1.33,0,968.4,1736.6
1.47,1,1699.6,1235.6
1.07,1,1863.0,1894.6
0.67,3,966.4,2400.4
1.33,0,912.0,1691.2
1.33,0,1552.6,1742.4
1.2,1,1852.6,1925.8
1.07,1,1819.8,3140.2
1.07,1,1813.0,3134.8
1.2,0,508.2,1781.4
1.47,0,1196.8,1740.2
0.27,2,981.4,2429.4
1.2,1,1946.0,1884.0
0.13,3,991.8,2350.8
0.27,2,909.8,3028.6
0.53,2,1394.8,2799.6
1.2,1,1964.0,1852.6
1.47,0,1123.4,1640.4
0.0,3,962.6,2720.2
0.27,2,1180.8,2520.2
0.4,1,1616.4,2859.0
1.33,0,964.8,1715.0
1.47,0,1092.4,1657.4
0.27,2,816.0,2486.2
1.07,1,1761.8,3107.2
0.13,3,985.6,2375.6
1.33,0,938.2,1713.6
0.27,2,1173.0,2698.0
1.33,0,938.4,1664.6
0.93,1,1914.2,1837.2
1.07,1,1921.8,1852.8
0.67,2,1348.6,2636.4
1.33,0,894.4,1689.8
1.47,1,1722.4,1426.6
1.33,0,987.2,1733.0
1.2,0,1694.0,1641.4
1.33,0,956.8,1718.4
1.33,1,1810.8,1273.2
1.33,0,1013.4,1745.6
0.0,3,959.0,2143.6
1.07,1,1785.0,3127.4
0.0,3,967.0,2510.4
0.27,2,1374.2,2795.8
0.13,2,1218.6,2656.8
0.27,2,998.6,2716.0
0.0,3,953.0,1740.0
1.07,1,1749.0,3112.6
0.27,2,1194.2,2645.8
1.33,0,1012.0,1749.6
1.33,0,1094.2,1658.0
0.13,2,1170.0,2647.2
0.53,1,686.4,3088.0
1.07,1,1759.6,3105.4
1.47,0,1064.4,1650.6
1.33,0,886.0,1699.8
0.27,2,897.4,2995.6
0.4,2,811.6,2240.0
1.33,0,940.6,1666.8
1.33,1,1717.2,1550.6
0.93,1,2231.0,3123.4
1.07,1,1964.4,1856.8
1.33,0,1078.4,1649.6
0.13,3,969.2,2380.4
1.33,0,853.8,1700.2
0.8,1,1936.6,2905.0
0.0,3,984.0,3120.4
0.13,3,933.6,1722.0
1.33,0,1004.8,1822.0
0.67,3,965.4,2508.6
1.2,0,1601.8,1742.8
1.33,0,963.8,1709.4
1.07,1,1870.4,3137.4
0.27,2,1055.8,2986.4
1.07,1,1816.0,3138.0
0.13,3,906.4,1714.2
1.07,1,1728.2,3069.4
0.0,3,915.4,1709.6
1.07,1,1727.4,3076.4
1.07,1,1820.8,3135.8
1.33,0,891.4,1688.4
1.2,1,1920.2,3139.6
0.13,3,1001.4,2055.4
0.27,2,1021.8,2721.6
0.13,2,1094.6,2471.8
1.33,1,2272.0,1501.4
1.2,1,1959.4,1852.8
0.13,2,1084.8,2758.2
0.0,3,955.6,2068.0
0.13,3,973.8,2479.0
0.0,3,1007.2,2338.6
1.07,1,1780.8,3077.0
0.8,3,951.8,2859.2
0.13,3,1003.4,2535.0
0.13,3,891.2,1705.0
0.27,2,1399.2,2530.0
1.33,0,1302.4,1744.0
1.07,1,1829.0,3135.0
1.33,0,874.6,1696.2
0.27,2,1014.2,2743.6
0.13,3,886.8,1709.8
0.0,3,955.6,1965.8
1.33,0,1105.2,1652.2
0.13,2,1224.6,2723.8
0.13,3,895.6,1703.4
1.2,1,1943.8,2916.6
1.47,1,1731.4,1405.8
1.33,0,842.0,1698.0
0.13,3,1348.2,1526.0
1.33,0,933.2,1711.4
0.27,2,1203.4,2561.2
0.53,2,1342.2,2633.0
0.27,2,1007.0,2747.4
1.33,0,928.0,1682.4
0.0,3,1071.6,1711.6
0.13,3,973.6,2293.4
0.67,1,1021.6,3081.8
0.27,2,1257.8,2623.0
0.0,3,961.6,2730.4
1.07,1,1830.2,3135.8
0.93,1,1883.2,2902.4
1.2,0,1686.6,1640.8
1.07,0,2212.0,1735.8
1.47,1,1708.8,1288.0
1.47,1,1705.8,1293.4
0.13,3,888.2,1711.8
1.2,0,1649.2,1751.8
1.2,0,968.6,1709.4
1.33,0,933.8,1682.2
1.33,0,879.0,1693.0
1.33,0,982.0,1736.2
0.67,3,984.8,2550.0
0.27,2,930.8,3021.6
1.07,1,1817.0,3135.4
0.27,2,978.4,2706.6
1.2,1,1731.0,2855.8
0.13,2,1336.4,2574.2
0.27,2,819.6,2324.4
1.33,0,1394.8,1743.0
1.07,1,1898.0,3137.0
1.07,1,1831.2,3137.2
0.13,2,1200.2,2835.2
1.07,1,1792.2,1911.4
0.0,3,961.6,2125.6
0.27,2,843.4,2246.2
0.13,3,1069.8,1710.8
0.8,2,1135.2,2414.2
0.67,3,915.6,2494.4
0.53,1,1217.6,3109.0
0.27,2,1223.0,2612.4
1.07,1,1918.8,3142.0
0.93,1,2642.0,3005.4
1.07,1,1873.6,3135.6
0.0,3,953.0,2398.4
1.07,1,1959.0,1891.0
1.33,0,922.8,1708.6
1.33,0,876.0,1682.6
1.07,1,1945.8,1884.8
1.07,1,1726.0,3115.4
1.33,1,1719.0,1554.0
1.07,1,1809.8,3137.8
1.33,0,899.8,1703.4
0.27,2,892.0,3120.8
1.33,0,905.0,1705.4
1.47,1,1709.2,1285.8
0.0,3,949.0,2558.4
1.07,1,1933.8,2893.8
1.07,1,1749.2,3128.2
1.47,0,916.2,1686.8
0.13,3,892.8,1711.8
0.4,3,977.2,2867.4
0.67,1,1159.4,3097.4
1.33,0,864.6,1701.2
1.33,0,986.4,1732.0
0.0,3,959.4,2101.6
1.33,0,916.0,1699.2
1.07,1,2069.4,3086.4
1.07,1,2171.0,3021.6
1.07,0,1657.8,1724.6
0.13,3,1016.8,1490.6
0.27,2,811.0,2393.0
0.27,2,979.0,2426.8
1.33,0,979.8,1738.6
0.27,2,1030.4,2704.0
0.27,2,1209.6,2549.6
